sample,unit
220,ns
220,ns
268,ns
192,ns
135,ns
265,ns
295,ns
220,ns
220,ns
220,ns
210,ns
319,ns
220,ns
130,ns
293,ns
220,ns
163,ns
220,ns
145,ns
307,ns
222,ns
219,ns
220,ns
220,ns
284,ns
315,ns
289,ns
225,ns
207,ns
220,ns
270,ns
169,ns
220,ns
188,ns
220,ns
270,ns
220,ns
220,ns
220,ns
294,ns
180,ns
315,ns
220,ns
220,ns
223,ns
234,ns
220,ns
250,ns
211,ns
220,ns
220,ns
220,ns
314,ns
220,ns
302,ns
220,ns
268,ns
220,ns
220,ns
220,ns
220,ns
260,ns
127,ns
245,ns
265,ns
262,ns
220,ns
163,ns
310,ns
220,ns
220,ns
220,ns
220,ns
220,ns
172,ns
266,ns
220,ns
220,ns
205,ns
121,ns
220,ns
220,ns
220,ns
224,ns
220,ns
282,ns
220,ns
220,ns
220,ns
199,ns
220,ns
303,ns
220,ns
220,ns
161,ns
217,ns
220,ns
220,ns
225,ns
220,ns
220,ns
220,ns
220,ns
220,ns
248,ns
254,ns
220,ns
220,ns
220,ns
220,ns
220,ns
220,ns
199,ns
302,ns
229,ns
220,ns
220,ns
310,ns
179,ns
143,ns
220,ns
220,ns
220,ns
182,ns
220,ns
138,ns
245,ns
220,ns
220,ns
220,ns
158,ns
186,ns
143,ns
139,ns
220,ns
241,ns
220,ns
305,ns
314,ns
220,ns
220,ns
220,ns
299,ns
278,ns
220,ns
310,ns
161,ns
178,ns
272,ns
293,ns
138,ns
275,ns
259,ns
220,ns
220,ns
261,ns
319,ns
220,ns
148,ns
259,ns
220,ns
254,ns
220,ns
220,ns
220,ns
268,ns
220,ns
220,ns
220,ns
220,ns
220,ns
220,ns
274,ns
126,ns
220,ns
220,ns
215,ns
220,ns
192,ns
220,ns
220,ns
220,ns
138,ns
220,ns
199,ns
130,ns
268,ns
156,ns
310,ns
232,ns
220,ns
220,ns
220,ns
220,ns
220,ns
220,ns
220,ns
234,ns
209,ns
181,ns
215,ns
220,ns
220,ns
220,ns
176,ns
316,ns
123,ns
262,ns
225,ns
219,ns
314,ns
220,ns
220,ns
234,ns
301,ns
220,ns
165,ns
220,ns
220,ns
220,ns
220,ns
220,ns
127,ns
220,ns
220,ns
220,ns
124,ns
156,ns
220,ns
127,ns
220,ns
283,ns
220,ns
220,ns
220,ns
220,ns
220,ns
220,ns
220,ns
215,ns
172,ns
182,ns
220,ns
220,ns
220,ns
220,ns
138,ns
220,ns
220,ns
126,ns
173,ns
220,ns
220,ns
311,ns
209,ns
220,ns
220,ns
311,ns
191,ns
252,ns
176,ns
183,ns
220,ns
268,ns
220,ns
220,ns
220,ns
220,ns
220,ns
169,ns
220,ns
220,ns
237,ns
220,ns
187,ns
220,ns
220,ns
220,ns
220,ns
220,ns
220,ns
220,ns
220,ns
220,ns
306,ns
250,ns
220,ns
220,ns
236,ns
288,ns
275,ns
217,ns
220,ns
220,ns
220,ns
220,ns
285,ns
220,ns
250,ns
220,ns
220,ns
141,ns
271,ns
220,ns
165,ns
194,ns
159,ns
188,ns
220,ns
220,ns
220,ns
189,ns
222,ns
121,ns
220,ns
167,ns
170,ns
236,ns
285,ns
220,ns
220,ns
128,ns
240,ns
220,ns
239,ns
220,ns
220,ns
220,ns
220,ns
263,ns
220,ns
220,ns
196,ns
149,ns
235,ns
183,ns
220,ns
220,ns
242,ns
220,ns
220,ns
159,ns
220,ns
220,ns
296,ns
259,ns
220,ns
251,ns
220,ns
220,ns
220,ns
220,ns
220,ns
220,ns
220,ns
135,ns
198,ns
256,ns
220,ns
164,ns
267,ns
205,ns
220,ns
224,ns
178,ns
254,ns
220,ns
275,ns
220,ns
127,ns
220,ns
220,ns
312,ns
220,ns
220,ns
220,ns
186,ns
220,ns
220,ns
167,ns
220,ns
220,ns
220,ns
220,ns
220,ns
220,ns
220,ns
262,ns
220,ns
194,ns
315,ns
220,ns
261,ns
220,ns
212,ns
220,ns
220,ns
201,ns
220,ns
220,ns
276,ns
220,ns
220,ns
136,ns
274,ns
162,ns
142,ns
220,ns
220,ns
220,ns
220,ns
301,ns
220,ns
200,ns
220,ns
220,ns
220,ns
292,ns
220,ns
141,ns
203,ns
220,ns
266,ns
220,ns
220,ns
257,ns
220,ns
225,ns
228,ns
166,ns
163,ns
220,ns
220,ns
220,ns
291,ns
220,ns
220,ns
179,ns
210,ns
208,ns
220,ns
220,ns
220,ns
279,ns
298,ns
220,ns
302,ns
220,ns
220,ns
194,ns
219,ns
212,ns
277,ns
238,ns
220,ns
179,ns
238,ns
220,ns
220,ns
220,ns
153,ns
220,ns
220,ns
293,ns
220,ns
311,ns
220,ns
273,ns
139,ns
167,ns
220,ns
199,ns
217,ns
220,ns
220,ns
157,ns
220,ns
220,ns
220,ns
164,ns
220,ns
220,ns
220,ns
220,ns
221,ns
176,ns
317,ns
219,ns
186,ns
258,ns
220,ns
235,ns
220,ns
220,ns
220,ns
220,ns
220,ns
220,ns
256,ns
220,ns
146,ns
129,ns
220,ns
220,ns
220,ns
254,ns
220,ns
174,ns
220,ns
318,ns
220,ns
220,ns
220,ns
220,ns
238,ns
220,ns
251,ns
204,ns
197,ns
220,ns
220,ns
220,ns
316,ns
318,ns
272,ns
196,ns
220,ns
220,ns
220,ns
220,ns
145,ns
134,ns
202,ns
220,ns
220,ns
318,ns
220,ns
220,ns
137,ns
220,ns
220,ns
204,ns
274,ns
295,ns
220,ns
242,ns
215,ns
284,ns
144,ns
220,ns
220,ns
176,ns
220,ns
220,ns
249,ns
220,ns
176,ns
220,ns
260,ns
220,ns
135,ns
220,ns
154,ns
231,ns
220,ns
220,ns
230,ns
158,ns
233,ns
220,ns
220,ns
220,ns
134,ns
292,ns
220,ns
276,ns
310,ns
220,ns
220,ns
220,ns
220,ns
220,ns
220,ns
220,ns
220,ns
220,ns
287,ns
221,ns
220,ns
282,ns
220,ns
220,ns
312,ns
220,ns
259,ns
206,ns
220,ns
220,ns
134,ns
153,ns
220,ns
292,ns
220,ns
163,ns
220,ns
220,ns
220,ns
220,ns
220,ns
220,ns
220,ns
220,ns
294,ns
231,ns
261,ns
185,ns
220,ns
220,ns
250,ns
210,ns
140,ns
220,ns
220,ns
220,ns
240,ns
220,ns
146,ns
213,ns
144,ns
220,ns
220,ns
220,ns
219,ns
220,ns
220,ns
136,ns
317,ns
220,ns
238,ns
220,ns
220,ns
141,ns
244,ns
220,ns
220,ns
220,ns
220,ns
123,ns
220,ns
246,ns
220,ns
220,ns
132,ns
220,ns
204,ns
220,ns
220,ns
183,ns
315,ns
220,ns
220,ns
220,ns
220,ns
209,ns
149,ns
220,ns
234,ns
172,ns
220,ns
220,ns
196,ns
220,ns
318,ns
220,ns
200,ns
220,ns
229,ns
220,ns
220,ns
309,ns
220,ns
220,ns
147,ns
220,ns
284,ns
220,ns
156,ns
220,ns
220,ns
237,ns
156,ns
220,ns
205,ns
220,ns
220,ns
220,ns
220,ns
220,ns
220,ns
218,ns
220,ns
124,ns
220,ns
220,ns
251,ns
132,ns
208,ns
131,ns
220,ns
246,ns
220,ns
220,ns
262,ns
279,ns
179,ns
177,ns
250,ns
281,ns
299,ns
282,ns
217,ns
220,ns
167,ns
220,ns
211,ns
213,ns
220,ns
220,ns
215,ns
220,ns
222,ns
220,ns
220,ns
220,ns
220,ns
145,ns
276,ns
196,ns
220,ns
149,ns
220,ns
220,ns
220,ns
220,ns
310,ns
142,ns
160,ns
220,ns
207,ns
243,ns
220,ns
220,ns
220,ns
220,ns
220,ns
173,ns
250,ns
220,ns
288,ns
160,ns
220,ns
220,ns
220,ns
258,ns
220,ns
220,ns
220,ns
220,ns
301,ns
220,ns
220,ns
220,ns
220,ns
220,ns
228,ns
220,ns
180,ns
220,ns
220,ns
193,ns
220,ns
163,ns
220,ns
220,ns
167,ns
220,ns
220,ns
212,ns
220,ns
220,ns
211,ns
220,ns
220,ns
220,ns
308,ns
155,ns
220,ns
142,ns
220,ns
174,ns
246,ns
220,ns
226,ns
220,ns
306,ns
220,ns
168,ns
220,ns
121,ns
277,ns
220,ns
270,ns
260,ns
129,ns
220,ns
243,ns
155,ns
220,ns
239,ns
136,ns
276,ns
229,ns
220,ns
152,ns
220,ns
220,ns
203,ns
231,ns
174,ns
220,ns
220,ns
220,ns
220,ns
220,ns
220,ns
220,ns
220,ns
220,ns
220,ns
220,ns
220,ns
220,ns
220,ns
220,ns
194,ns
224,ns
220,ns
222,ns
220,ns
172,ns
210,ns
220,ns
220,ns
130,ns
184,ns
220,ns
307,ns
220,ns
239,ns
250,ns
220,ns
220,ns
304,ns
220,ns
220,ns
220,ns
176,ns
220,ns
220,ns
144,ns
220,ns
293,ns
123,ns
139,ns
261,ns
220,ns
148,ns
220,ns
220,ns
220,ns
220,ns
220,ns
220,ns
220,ns
173,ns
220,ns
190,ns
220,ns
220,ns
186,ns
228,ns
163,ns
220,ns
180,ns
220,ns
220,ns
220,ns
129,ns
220,ns
220,ns
315,ns
281,ns
220,ns
220,ns
220,ns
220,ns
173,ns
204,ns
127,ns
220,ns
220,ns
197,ns
251,ns
259,ns
220,ns
204,ns
237,ns
220,ns
220,ns
220,ns
220,ns
146,ns
167,ns
137,ns
220,ns
138,ns
220,ns
154,ns
188,ns
220,ns
271,ns
245,ns
245,ns
136,ns
191,ns
165,ns
220,ns
220,ns
272,ns
265,ns
220,ns
292,ns
220,ns
220,ns
233,ns
220,ns
220,ns
186,ns
128,ns
213,ns
220,ns
220,ns
220,ns
172,ns
134,ns
299,ns
220,ns
220,ns
279,ns
286,ns
220,ns
220,ns
220,ns
220,ns
198,ns
220,ns
220,ns
171,ns
220,ns
121,ns
220,ns
226,ns
220,ns
223,ns
299,ns
220,ns
220,ns
220,ns
277,ns
131,ns
243,ns
220,ns
295,ns
220,ns
220,ns
193,ns
220,ns
220,ns
232,ns
122,ns
220,ns
201,ns
172,ns
256,ns
220,ns
220,ns
125,ns
220,ns
220,ns
224,ns
292,ns
172,ns
220,ns
220,ns
126,ns
248,ns
147,ns
220,ns
123,ns
220,ns
220,ns
220,ns
220,ns
220,ns
224,ns
226,ns
220,ns
220,ns
179,ns
220,ns
269,ns
220,ns
220,ns
141,ns
220,ns
220,ns
220,ns
249,ns
220,ns
237,ns
220,ns
220,ns
220,ns
214,ns
220,ns
220,ns
216,ns
220,ns
287,ns
282,ns
220,ns
220,ns
220,ns
220,ns
220,ns
220,ns
128,ns
220,ns
270,ns
201,ns
220,ns
220,ns
165,ns
220,ns
125,ns
277,ns
220,ns
292,ns
220,ns
147,ns
220,ns
239,ns
220,ns
220,ns
220,ns
277,ns
220,ns
305,ns
220,ns
280,ns
268,ns
220,ns
220,ns
127,ns
220,ns
226,ns
215,ns
220,ns
150,ns
188,ns
306,ns
220,ns
253,ns
256,ns
220,ns
220,ns
220,ns
220,ns
277,ns
220,ns
220,ns
238,ns
192,ns
173,ns
220,ns
220,ns
307,ns
220,ns
220,ns
286,ns
172,ns
182,ns
222,ns
220,ns
220,ns
220,ns
220,ns
274,ns
228,ns
212,ns
220,ns
210,ns
220,ns
220,ns
245,ns
216,ns
220,ns
225,ns
246,ns
220,ns
220,ns
218,ns
143,ns
195,ns
204,ns
288,ns
183,ns
241,ns
220,ns
220,ns
153,ns
220,ns
165,ns
170,ns
220,ns
213,ns
154,ns
291,ns
220,ns
315,ns
220,ns
190,ns
198,ns
220,ns
220,ns
220,ns
233,ns
220,ns
252,ns
318,ns
287,ns
220,ns
249,ns
220,ns
212,ns
220,ns
220,ns
256,ns
281,ns
149,ns
220,ns
267,ns
125,ns
220,ns
220,ns
255,ns
134,ns
146,ns
220,ns
181,ns
219,ns
220,ns
220,ns
220,ns
212,ns
220,ns
220,ns
286,ns
220,ns
283,ns
140,ns
220,ns
220,ns
281,ns
220,ns
220,ns
220,ns
220,ns
133,ns
220,ns
312,ns
220,ns
220,ns
220,ns
220,ns
220,ns
220,ns
220,ns
220,ns
220,ns
314,ns
220,ns
278,ns
220,ns
220,ns
214,ns
214,ns
264,ns
220,ns
121,ns
183,ns
220,ns
220,ns
220,ns
220,ns
220,ns
150,ns
179,ns
299,ns
220,ns
220,ns
205,ns
220,ns
220,ns
220,ns
263,ns
220,ns
301,ns
220,ns
245,ns
191,ns
220,ns
232,ns
141,ns
220,ns
220,ns
220,ns
123,ns
141,ns
300,ns
220,ns
141,ns
156,ns
220,ns
222,ns
263,ns
220,ns
220,ns
241,ns
220,ns
309,ns
176,ns
209,ns
286,ns
319,ns
220,ns
220,ns
285,ns
220,ns
204,ns
128,ns
220,ns
258,ns
220,ns
220,ns
265,ns
220,ns
220,ns
240,ns
220,ns
320,ns
220,ns
235,ns
275,ns
258,ns
219,ns
145,ns
220,ns
196,ns
220,ns
313,ns
220,ns
220,ns
220,ns
220,ns
207,ns
220,ns
201,ns
220,ns
220,ns
148,ns
152,ns
220,ns
220,ns
220,ns
217,ns
220,ns
220,ns
217,ns
202,ns
196,ns
132,ns
179,ns
301,ns
229,ns
220,ns
268,ns
220,ns
175,ns
220,ns
220,ns
220,ns
220,ns
253,ns
258,ns
220,ns
220,ns
134,ns
220,ns
220,ns
318,ns
146,ns
288,ns
199,ns
271,ns
220,ns
220,ns
279,ns
211,ns
256,ns
220,ns
149,ns
220,ns
220,ns
247,ns
220,ns
153,ns
158,ns
265,ns
220,ns
220,ns
220,ns
238,ns
156,ns
220,ns
206,ns
169,ns
220,ns
251,ns
143,ns
244,ns
292,ns
220,ns
292,ns
220,ns
148,ns
220,ns
310,ns
209,ns
220,ns
220,ns
138,ns
220,ns
168,ns
220,ns
220,ns
271,ns
220,ns
220,ns
220,ns
220,ns
220,ns
220,ns
220,ns
220,ns
220,ns
220,ns
255,ns
220,ns
298,ns
220,ns
212,ns
220,ns
220,ns
301,ns
220,ns
220,ns
220,ns
266,ns
220,ns
220,ns
293,ns
306,ns
237,ns
180,ns
173,ns
220,ns
304,ns
220,ns
220,ns
220,ns
248,ns
166,ns
220,ns
220,ns
220,ns
169,ns
147,ns
196,ns
220,ns
220,ns
220,ns
220,ns
220,ns
220,ns
236,ns
220,ns
220,ns
221,ns
220,ns
220,ns
237,ns
221,ns
169,ns
220,ns
139,ns
220,ns
220,ns
220,ns
152,ns
220,ns
239,ns
220,ns
220,ns
220,ns
225,ns
269,ns
220,ns
183,ns
173,ns
213,ns
186,ns
233,ns
262,ns
315,ns
155,ns
220,ns
220,ns
179,ns
220,ns
220,ns
220,ns
235,ns
138,ns
220,ns
200,ns
220,ns
221,ns
199,ns
220,ns
220,ns
279,ns
255,ns
135,ns
220,ns
228,ns
220,ns
222,ns
220,ns
166,ns
315,ns
220,ns
228,ns
220,ns
198,ns
187,ns
220,ns
291,ns
220,ns
220,ns
320,ns
122,ns
220,ns
220,ns
294,ns
301,ns
220,ns
220,ns
220,ns
310,ns
214,ns
206,ns
220,ns
255,ns
220,ns
187,ns
183,ns
220,ns
220,ns
220,ns
236,ns
220,ns
220,ns
220,ns
220,ns
220,ns
220,ns
238,ns
180,ns
174,ns
207,ns
220,ns
273,ns
220,ns
257,ns
220,ns
220,ns
220,ns
220,ns
220,ns
254,ns
288,ns
220,ns
220,ns
202,ns
220,ns
220,ns
198,ns
220,ns
220,ns
220,ns
310,ns
162,ns
188,ns
238,ns
202,ns
269,ns
220,ns
234,ns
220,ns
220,ns
192,ns
220,ns
148,ns
220,ns
146,ns
286,ns
220,ns
220,ns
220,ns
220,ns
300,ns
220,ns
283,ns
255,ns
261,ns
218,ns
220,ns
220,ns
220,ns
220,ns
220,ns
220,ns
222,ns
232,ns
237,ns
175,ns
279,ns
220,ns
172,ns
218,ns
220,ns
279,ns
220,ns
294,ns
125,ns
220,ns
210,ns
220,ns
298,ns
220,ns
180,ns
216,ns
141,ns
187,ns
220,ns
220,ns
142,ns
220,ns
220,ns
291,ns
220,ns
225,ns
285,ns
220,ns
220,ns
220,ns
165,ns
149,ns
220,ns
220,ns
170,ns
220,ns
220,ns
220,ns
220,ns
220,ns
220,ns
220,ns
220,ns
220,ns
276,ns
300,ns
220,ns
243,ns
220,ns
121,ns
220,ns
171,ns
195,ns
275,ns
220,ns
259,ns
221,ns
204,ns
277,ns
268,ns
220,ns
239,ns
143,ns
220,ns
141,ns
266,ns
236,ns
174,ns
220,ns
315,ns
209,ns
220,ns
183,ns
220,ns
236,ns
288,ns
220,ns
220,ns
220,ns
224,ns
220,ns
190,ns
232,ns
317,ns
252,ns
281,ns
265,ns
220,ns
192,ns
174,ns
318,ns
220,ns
220,ns
220,ns
220,ns
228,ns
220,ns
273,ns
192,ns
220,ns
220,ns
220,ns
214,ns
220,ns
220,ns
220,ns
225,ns
315,ns
302,ns
220,ns
220,ns
197,ns
220,ns
220,ns
220,ns
128,ns
245,ns
220,ns
238,ns
220,ns
129,ns
204,ns
220,ns
225,ns
241,ns
220,ns
220,ns
220,ns
220,ns
302,ns
220,ns
220,ns
220,ns
203,ns
239,ns
206,ns
220,ns
220,ns
320,ns
220,ns
136,ns
239,ns
220,ns
303,ns
262,ns
220,ns
171,ns
282,ns
209,ns
220,ns
199,ns
124,ns
220,ns
220,ns
220,ns
220,ns
220,ns
220,ns
220,ns
235,ns
220,ns
220,ns
220,ns
261,ns
220,ns
220,ns
220,ns
290,ns
220,ns
267,ns
203,ns
220,ns
220,ns
147,ns
301,ns
220,ns
126,ns
226,ns
248,ns
318,ns
203,ns
220,ns
220,ns
220,ns
220,ns
220,ns
220,ns
260,ns
257,ns
220,ns
137,ns
220,ns
220,ns
289,ns
134,ns
220,ns
220,ns
220,ns
189,ns
213,ns
220,ns
293,ns
129,ns
220,ns
220,ns
153,ns
220,ns
220,ns
220,ns
220,ns
305,ns
220,ns
220,ns
250,ns
220,ns
220,ns
302,ns
259,ns
307,ns
127,ns
220,ns
220,ns
239,ns
320,ns
136,ns
220,ns
220,ns
220,ns
220,ns
135,ns
220,ns
205,ns
121,ns
220,ns
251,ns
220,ns
220,ns
220,ns
303,ns
220,ns
157,ns
208,ns
126,ns
220,ns
165,ns
172,ns
220,ns
220,ns
220,ns
220,ns
315,ns
274,ns
220,ns
220,ns
220,ns
220,ns
220,ns
127,ns
171,ns
217,ns
220,ns
220,ns
183,ns
220,ns
247,ns
220,ns
219,ns
238,ns
259,ns
178,ns
220,ns
220,ns
220,ns
196,ns
134,ns
220,ns
220,ns
220,ns
223,ns
220,ns
288,ns
134,ns
220,ns
224,ns
300,ns
220,ns
216,ns
220,ns
220,ns
295,ns
220,ns
220,ns
220,ns
220,ns
297,ns
137,ns
220,ns
220,ns
295,ns
191,ns
281,ns
220,ns
194,ns
231,ns
220,ns
150,ns
296,ns
262,ns
220,ns
245,ns
220,ns
258,ns
145,ns
191,ns
220,ns
220,ns
220,ns
220,ns
179,ns
208,ns
220,ns
220,ns
203,ns
171,ns
222,ns
240,ns
220,ns
220,ns
238,ns
220,ns
220,ns
252,ns
220,ns
220,ns
220,ns
190,ns
239,ns
173,ns
212,ns
220,ns
222,ns
220,ns
264,ns
207,ns
265,ns
296,ns
136,ns
220,ns
147,ns
220,ns
220,ns
220,ns
220,ns
304,ns
220,ns
220,ns
177,ns
279,ns
284,ns
183,ns
169,ns
220,ns
164,ns
220,ns
259,ns
236,ns
167,ns
220,ns
278,ns
269,ns
220,ns
220,ns
220,ns
188,ns
252,ns
222,ns
271,ns
144,ns
227,ns
220,ns
220,ns
220,ns
179,ns
220,ns
220,ns
243,ns
262,ns
220,ns
311,ns
270,ns
143,ns
220,ns
177,ns
160,ns
257,ns
220,ns
289,ns
130,ns
220,ns
197,ns
304,ns
303,ns
220,ns
220,ns
220,ns
232,ns
220,ns
220,ns
220,ns
220,ns
255,ns
220,ns
156,ns
220,ns
220,ns
317,ns
278,ns
221,ns
225,ns
220,ns
220,ns
150,ns
220,ns
259,ns
219,ns
174,ns
257,ns
220,ns
282,ns
161,ns
267,ns
220,ns
224,ns
220,ns
220,ns
263,ns
220,ns
220,ns
294,ns
259,ns
145,ns
273,ns
220,ns
244,ns
130,ns
220,ns
220,ns
220,ns
218,ns
203,ns
140,ns
202,ns
132,ns
166,ns
127,ns
220,ns
220,ns
180,ns
220,ns
220,ns
185,ns
225,ns
220,ns
158,ns
220,ns
160,ns
273,ns
220,ns
220,ns
143,ns
148,ns
228,ns
307,ns
199,ns
241,ns
147,ns
145,ns
220,ns
220,ns
220,ns
270,ns
129,ns
270,ns
141,ns
220,ns
220,ns
220,ns
220,ns
220,ns
220,ns
244,ns
220,ns
161,ns
220,ns
220,ns
220,ns
220,ns
220,ns
220,ns
152,ns
220,ns
316,ns
220,ns
225,ns
220,ns
146,ns
220,ns
220,ns
267,ns
142,ns
202,ns
160,ns
239,ns
123,ns
220,ns
220,ns
176,ns
220,ns
155,ns
185,ns
220,ns
172,ns
220,ns
222,ns
220,ns
220,ns
220,ns
220,ns
220,ns
138,ns
195,ns
220,ns
270,ns
205,ns
315,ns
173,ns
220,ns
271,ns
220,ns
220,ns
220,ns
220,ns
294,ns
263,ns
130,ns
165,ns
297,ns
152,ns
196,ns
169,ns
244,ns
220,ns
188,ns
242,ns
220,ns
282,ns
220,ns
147,ns
143,ns
220,ns
242,ns
220,ns
220,ns
223,ns
279,ns
220,ns
149,ns
146,ns
220,ns
220,ns
220,ns
220,ns
220,ns
220,ns
145,ns
220,ns
220,ns
315,ns
267,ns
235,ns
155,ns
311,ns
220,ns
243,ns
167,ns
220,ns
220,ns
220,ns
220,ns
220,ns
274,ns
261,ns
220,ns
220,ns
220,ns
220,ns
265,ns
220,ns
220,ns
220,ns
220,ns
220,ns
126,ns
220,ns
229,ns
150,ns
220,ns
208,ns
220,ns
193,ns
193,ns
220,ns
220,ns
293,ns
220,ns
220,ns
235,ns
242,ns
281,ns
220,ns
256,ns
192,ns
220,ns
219,ns
223,ns
220,ns
312,ns
220,ns
220,ns
220,ns
271,ns
220,ns
253,ns
254,ns
128,ns
220,ns
220,ns
317,ns
261,ns
220,ns
135,ns
220,ns
302,ns
220,ns
216,ns
307,ns
153,ns
220,ns
239,ns
220,ns
220,ns
299,ns
220,ns
208,ns
220,ns
220,ns
309,ns
220,ns
274,ns
220,ns
220,ns
263,ns
130,ns
220,ns
263,ns
126,ns
220,ns
240,ns
220,ns
220,ns
140,ns
302,ns
313,ns
220,ns
220,ns
220,ns
220,ns
220,ns
220,ns
220,ns
220,ns
257,ns
220,ns
220,ns
199,ns
220,ns
220,ns
220,ns
220,ns
220,ns
253,ns
220,ns
306,ns
168,ns
313,ns
242,ns
220,ns
130,ns
215,ns
261,ns
220,ns
196,ns
220,ns
250,ns
216,ns
258,ns
220,ns
220,ns
273,ns
192,ns
227,ns
220,ns
220,ns
220,ns
244,ns
220,ns
320,ns
220,ns
220,ns
213,ns
220,ns
220,ns
249,ns
164,ns
165,ns
181,ns
131,ns
220,ns
220,ns
293,ns
278,ns
194,ns
185,ns
239,ns
224,ns
220,ns
220,ns
220,ns
220,ns
315,ns
296,ns
220,ns
220,ns
272,ns
288,ns
220,ns
220,ns
134,ns
220,ns
177,ns
189,ns
178,ns
220,ns
220,ns
192,ns
220,ns
128,ns
141,ns
319,ns
220,ns
267,ns
286,ns
248,ns
220,ns
220,ns
285,ns
220,ns
145,ns
220,ns
220,ns
319,ns
220,ns
220,ns
220,ns
220,ns
251,ns
141,ns
220,ns
220,ns
220,ns
220,ns
220,ns
220,ns
220,ns
220,ns
220,ns
243,ns
220,ns
220,ns
147,ns
220,ns
220,ns
220,ns
220,ns
220,ns
220,ns
235,ns
156,ns
223,ns
220,ns
284,ns
220,ns
219,ns
168,ns
134,ns
220,ns
254,ns
220,ns
133,ns
220,ns
319,ns
220,ns
197,ns
220,ns
315,ns
220,ns
220,ns
291,ns
220,ns
317,ns
162,ns
220,ns
126,ns
220,ns
129,ns
220,ns
220,ns
177,ns
220,ns
220,ns
236,ns
147,ns
220,ns
210,ns
294,ns
133,ns
220,ns
220,ns
274,ns
220,ns
220,ns
220,ns
226,ns
220,ns
220,ns
220,ns
217,ns
133,ns
220,ns
179,ns
292,ns
241,ns
220,ns
220,ns
167,ns
188,ns
243,ns
251,ns
202,ns
220,ns
220,ns
220,ns
147,ns
220,ns
182,ns
220,ns
250,ns
220,ns
137,ns
279,ns
220,ns
206,ns
258,ns
204,ns
220,ns
220,ns
220,ns
220,ns
220,ns
163,ns
138,ns
220,ns
151,ns
282,ns
231,ns
149,ns
220,ns
220,ns
220,ns
294,ns
145,ns
220,ns
220,ns
220,ns
220,ns
148,ns
197,ns
239,ns
194,ns
220,ns
220,ns
220,ns
233,ns
220,ns
220,ns
157,ns
220,ns
220,ns
220,ns
286,ns
285,ns
220,ns
220,ns
220,ns
257,ns
220,ns
220,ns
220,ns
185,ns
220,ns
220,ns
239,ns
296,ns
220,ns
220,ns
220,ns
220,ns
220,ns
222,ns
220,ns
214,ns
220,ns
196,ns
241,ns
292,ns
188,ns
220,ns
220,ns
220,ns
220,ns
220,ns
182,ns
220,ns
301,ns
174,ns
177,ns
259,ns
220,ns
305,ns
220,ns
299,ns
220,ns
133,ns
220,ns
220,ns
220,ns
271,ns
220,ns
220,ns
220,ns
301,ns
146,ns
216,ns
220,ns
138,ns
237,ns
315,ns
220,ns
267,ns
220,ns
125,ns
169,ns
220,ns
263,ns
220,ns
130,ns
160,ns
220,ns
291,ns
202,ns
208,ns
220,ns
220,ns
258,ns
220,ns
220,ns
131,ns
265,ns
309,ns
187,ns
220,ns
220,ns
280,ns
220,ns
220,ns
220,ns
220,ns
251,ns
220,ns
220,ns
192,ns
220,ns
220,ns
281,ns
220,ns
301,ns
260,ns
220,ns
220,ns
176,ns
220,ns
220,ns
220,ns
281,ns
162,ns
220,ns
297,ns
220,ns
220,ns
220,ns
220,ns
283,ns
212,ns
198,ns
220,ns
220,ns
299,ns
320,ns
220,ns
220,ns
220,ns
127,ns
284,ns
220,ns
285,ns
186,ns
309,ns
290,ns
131,ns
278,ns
220,ns
220,ns
220,ns
220,ns
135,ns
131,ns
220,ns
220,ns
208,ns
142,ns
308,ns
220,ns
220,ns
209,ns
197,ns
220,ns
159,ns
220,ns
220,ns
220,ns
274,ns
186,ns
133,ns
220,ns
131,ns
220,ns
220,ns
220,ns
280,ns
168,ns
220,ns
220,ns
149,ns
220,ns
254,ns
220,ns
220,ns
220,ns
205,ns
314,ns
220,ns
220,ns
220,ns
166,ns
220,ns
220,ns
222,ns
283,ns
246,ns
121,ns
318,ns
220,ns
144,ns
144,ns
178,ns
255,ns
220,ns
220,ns
220,ns
220,ns
250,ns
220,ns
184,ns
237,ns
220,ns
235,ns
220,ns
174,ns
227,ns
220,ns
220,ns
221,ns
269,ns
299,ns
220,ns
220,ns
220,ns
220,ns
247,ns
220,ns
178,ns
220,ns
284,ns
227,ns
220,ns
268,ns
220,ns
252,ns
220,ns
220,ns
220,ns
220,ns
220,ns
220,ns
220,ns
220,ns
220,ns
220,ns
220,ns
220,ns
220,ns
204,ns
140,ns
303,ns
274,ns
220,ns
220,ns
220,ns
289,ns
258,ns
242,ns
208,ns
237,ns
220,ns
220,ns
165,ns
220,ns
220,ns
220,ns
220,ns
262,ns
288,ns
265,ns
220,ns
204,ns
220,ns
220,ns
220,ns
191,ns
220,ns
220,ns
220,ns
220,ns
315,ns
220,ns
220,ns
220,ns
220,ns
220,ns
235,ns
220,ns
195,ns
249,ns
220,ns
220,ns
237,ns
220,ns
170,ns
309,ns
241,ns
177,ns
253,ns
220,ns
220,ns
220,ns
287,ns
136,ns
220,ns
220,ns
220,ns
158,ns
237,ns
276,ns
230,ns
220,ns
220,ns
220,ns
195,ns
173,ns
199,ns
168,ns
220,ns
220,ns
220,ns
220,ns
220,ns
220,ns
287,ns
220,ns
220,ns
219,ns
233,ns
318,ns
272,ns
304,ns
220,ns
220,ns
220,ns
220,ns
294,ns
220,ns
315,ns
220,ns
248,ns
220,ns
270,ns
220,ns
265,ns
220,ns
286,ns
220,ns
220,ns
228,ns
159,ns
201,ns
220,ns
220,ns
149,ns
220,ns
220,ns
146,ns
220,ns
220,ns
282,ns
220,ns
150,ns
220,ns
220,ns
235,ns
220,ns
220,ns
220,ns
220,ns
203,ns
288,ns
152,ns
233,ns
220,ns
220,ns
220,ns
220,ns
138,ns
176,ns
217,ns
228,ns
207,ns
220,ns
220,ns
220,ns
121,ns
289,ns
257,ns
287,ns
220,ns
154,ns
220,ns
220,ns
274,ns
220,ns
220,ns
220,ns
163,ns
244,ns
245,ns
172,ns
220,ns
220,ns
220,ns
220,ns
220,ns
279,ns
241,ns
220,ns
220,ns
163,ns
220,ns
220,ns
220,ns
220,ns
220,ns
220,ns
220,ns
220,ns
283,ns
285,ns
220,ns
220,ns
132,ns
320,ns
154,ns
220,ns
178,ns
220,ns
220,ns
198,ns
220,ns
166,ns
220,ns
220,ns
182,ns
313,ns
294,ns
220,ns
220,ns
220,ns
220,ns
312,ns
187,ns
220,ns
220,ns
133,ns
251,ns
284,ns
220,ns
173,ns
220,ns
221,ns
264,ns
220,ns
171,ns
164,ns
220,ns
220,ns
220,ns
160,ns
220,ns
220,ns
300,ns
175,ns
312,ns
236,ns
220,ns
220,ns
220,ns
220,ns
176,ns
220,ns
220,ns
220,ns
220,ns
131,ns
250,ns
152,ns
220,ns
220,ns
220,ns
220,ns
220,ns
296,ns
220,ns
220,ns
191,ns
220,ns
220,ns
220,ns
220,ns
220,ns
172,ns
165,ns
274,ns
220,ns
220,ns
160,ns
220,ns
220,ns
207,ns
142,ns
145,ns
145,ns
259,ns
220,ns
306,ns
220,ns
304,ns
167,ns
165,ns
220,ns
148,ns
180,ns
220,ns
220,ns
317,ns
220,ns
280,ns
134,ns
215,ns
177,ns
142,ns
220,ns
220,ns
224,ns
220,ns
220,ns
309,ns
293,ns
151,ns
292,ns
230,ns
224,ns
220,ns
220,ns
237,ns
125,ns
305,ns
306,ns
285,ns
174,ns
220,ns
220,ns
123,ns
246,ns
260,ns
220,ns
310,ns
220,ns
241,ns
220,ns
220,ns
220,ns
220,ns
220,ns
157,ns
305,ns
137,ns
307,ns
259,ns
217,ns
220,ns
148,ns
311,ns
220,ns
220,ns
220,ns
274,ns
319,ns
220,ns
150,ns
220,ns
179,ns
220,ns
305,ns
220,ns
136,ns
253,ns
237,ns
220,ns
220,ns
220,ns
238,ns
270,ns
220,ns
220,ns
149,ns
220,ns
126,ns
159,ns
269,ns
220,ns
129,ns
284,ns
294,ns
220,ns
220,ns
220,ns
261,ns
220,ns
273,ns
184,ns
199,ns
121,ns
284,ns
220,ns
220,ns
220,ns
220,ns
256,ns
220,ns
220,ns
294,ns
220,ns
274,ns
304,ns
236,ns
220,ns
220,ns
220,ns
220,ns
149,ns
220,ns
258,ns
211,ns
220,ns
220,ns
220,ns
128,ns
155,ns
220,ns
151,ns
276,ns
241,ns
193,ns
139,ns
220,ns
202,ns
141,ns
220,ns
292,ns
220,ns
214,ns
312,ns
220,ns
220,ns
220,ns
255,ns
285,ns
310,ns
136,ns
220,ns
154,ns
244,ns
143,ns
140,ns
288,ns
277,ns
244,ns
220,ns
160,ns
220,ns
220,ns
289,ns
166,ns
220,ns
266,ns
220,ns
236,ns
220,ns
220,ns
220,ns
293,ns
220,ns
292,ns
279,ns
220,ns
197,ns
220,ns
220,ns
206,ns
220,ns
241,ns
122,ns
220,ns
187,ns
220,ns
146,ns
220,ns
220,ns
134,ns
220,ns
220,ns
220,ns
220,ns
240,ns
314,ns
220,ns
220,ns
317,ns
193,ns
220,ns
220,ns
220,ns
220,ns
162,ns
220,ns
220,ns
300,ns
136,ns
220,ns
178,ns
264,ns
220,ns
220,ns
141,ns
153,ns
279,ns
200,ns
143,ns
220,ns
220,ns
240,ns
220,ns
144,ns
220,ns
220,ns
153,ns
220,ns
132,ns
220,ns
209,ns
220,ns
220,ns
215,ns
168,ns
220,ns
137,ns
220,ns
220,ns
220,ns
233,ns
220,ns
311,ns
140,ns
302,ns
156,ns
152,ns
298,ns
220,ns
167,ns
205,ns
220,ns
263,ns
148,ns
220,ns
291,ns
241,ns
220,ns
220,ns
206,ns
165,ns
220,ns
200,ns
292,ns
220,ns
151,ns
220,ns
220,ns
220,ns
218,ns
220,ns
272,ns
220,ns
281,ns
198,ns
220,ns
220,ns
220,ns
220,ns
247,ns
220,ns
220,ns
164,ns
268,ns
233,ns
220,ns
220,ns
220,ns
220,ns
220,ns
238,ns
220,ns
125,ns
265,ns
175,ns
220,ns
274,ns
220,ns
167,ns
155,ns
213,ns
220,ns
210,ns
170,ns
223,ns
220,ns
271,ns
220,ns
158,ns
220,ns
288,ns
293,ns
220,ns
304,ns
220,ns
220,ns
161,ns
300,ns
215,ns
270,ns
220,ns
144,ns
242,ns
191,ns
220,ns
201,ns
220,ns
220,ns
220,ns
220,ns
125,ns
220,ns
220,ns
220,ns
220,ns
197,ns
220,ns
199,ns
220,ns
212,ns
313,ns
220,ns
220,ns
220,ns
274,ns
189,ns
270,ns
279,ns
239,ns
140,ns
220,ns
220,ns
267,ns
220,ns
278,ns
220,ns
220,ns
238,ns
239,ns
246,ns
220,ns
262,ns
220,ns
246,ns
220,ns
220,ns
220,ns
205,ns
220,ns
220,ns
264,ns
318,ns
148,ns
241,ns
220,ns
220,ns
136,ns
252,ns
220,ns
314,ns
220,ns
220,ns
220,ns
220,ns
134,ns
246,ns
220,ns
220,ns
220,ns
156,ns
156,ns
192,ns
220,ns
220,ns
220,ns
220,ns
220,ns
228,ns
239,ns
220,ns
209,ns
247,ns
279,ns
220,ns
220,ns
279,ns
220,ns
248,ns
285,ns
220,ns
127,ns
242,ns
220,ns
220,ns
220,ns
309,ns
220,ns
220,ns
220,ns
152,ns
220,ns
215,ns
220,ns
153,ns
220,ns
220,ns
157,ns
217,ns
220,ns
220,ns
220,ns
126,ns
202,ns
220,ns
220,ns
178,ns
220,ns
220,ns
288,ns
225,ns
205,ns
209,ns
220,ns
220,ns
290,ns
235,ns
220,ns
220,ns
220,ns
220,ns
220,ns
220,ns
280,ns
220,ns
220,ns
220,ns
220,ns
220,ns
260,ns
220,ns
220,ns
220,ns
289,ns
220,ns
220,ns
220,ns
187,ns
220,ns
220,ns
226,ns
220,ns
220,ns
220,ns
220,ns
220,ns
220,ns
220,ns
220,ns
220,ns
220,ns
174,ns
220,ns
165,ns
220,ns
220,ns
220,ns
220,ns
220,ns
220,ns
220,ns
220,ns
220,ns
220,ns
220,ns
172,ns
220,ns
178,ns
298,ns
220,ns
220,ns
220,ns
280,ns
240,ns
220,ns
241,ns
310,ns
257,ns
257,ns
220,ns
220,ns
153,ns
185,ns
220,ns
220,ns
121,ns
220,ns
123,ns
220,ns
220,ns
142,ns
251,ns
220,ns
220,ns
220,ns
311,ns
220,ns
220,ns
138,ns
172,ns
220,ns
317,ns
220,ns
220,ns
318,ns
295,ns
201,ns
220,ns
311,ns
207,ns
220,ns
309,ns
161,ns
206,ns
220,ns
220,ns
220,ns
220,ns
220,ns
220,ns
296,ns
204,ns
249,ns
208,ns
220,ns
220,ns
174,ns
220,ns
297,ns
220,ns
220,ns
177,ns
217,ns
198,ns
209,ns
220,ns
220,ns
178,ns
220,ns
220,ns
214,ns
222,ns
220,ns
158,ns
160,ns
143,ns
212,ns
220,ns
220,ns
220,ns
220,ns
220,ns
220,ns
220,ns
155,ns
220,ns
131,ns
160,ns
220,ns
220,ns
308,ns
147,ns
220,ns
220,ns
287,ns
220,ns
282,ns
220,ns
220,ns
220,ns
238,ns
146,ns
151,ns
220,ns
146,ns
220,ns
140,ns
220,ns
220,ns
220,ns
220,ns
159,ns
220,ns
220,ns
220,ns
166,ns
208,ns
183,ns
220,ns
220,ns
220,ns
220,ns
220,ns
220,ns
220,ns
268,ns
220,ns
204,ns
216,ns
254,ns
220,ns
220,ns
254,ns
220,ns
220,ns
220,ns
220,ns
145,ns
146,ns
220,ns
220,ns
287,ns
279,ns
220,ns
220,ns
320,ns
220,ns
220,ns
297,ns
210,ns
220,ns
147,ns
220,ns
237,ns
220,ns
287,ns
220,ns
157,ns
274,ns
302,ns
220,ns
220,ns
202,ns
220,ns
138,ns
276,ns
220,ns
145,ns
220,ns
220,ns
220,ns
240,ns
242,ns
220,ns
220,ns
220,ns
220,ns
213,ns
169,ns
220,ns
124,ns
163,ns
158,ns
204,ns
217,ns
220,ns
220,ns
220,ns
220,ns
235,ns
220,ns
159,ns
220,ns
220,ns
166,ns
220,ns
220,ns
205,ns
220,ns
220,ns
178,ns
220,ns
260,ns
190,ns
244,ns
219,ns
213,ns
138,ns
273,ns
307,ns
220,ns
220,ns
151,ns
218,ns
220,ns
220,ns
220,ns
133,ns
220,ns
220,ns
146,ns
220,ns
134,ns
220,ns
253,ns
220,ns
159,ns
220,ns
170,ns
220,ns
220,ns
282,ns
301,ns
220,ns
220,ns
166,ns
231,ns
312,ns
220,ns
220,ns
209,ns
220,ns
216,ns
184,ns
222,ns
220,ns
305,ns
220,ns
220,ns
231,ns
241,ns
301,ns
220,ns
220,ns
220,ns
251,ns
220,ns
220,ns
220,ns
220,ns
220,ns
220,ns
281,ns
220,ns
141,ns
177,ns
220,ns
220,ns
310,ns
128,ns
251,ns
316,ns
220,ns
220,ns
220,ns
188,ns
125,ns
220,ns
220,ns
220,ns
220,ns
165,ns
220,ns
319,ns
254,ns
281,ns
220,ns
220,ns
220,ns
220,ns
220,ns
232,ns
220,ns
220,ns
220,ns
255,ns
153,ns
220,ns
303,ns
220,ns
237,ns
220,ns
220,ns
220,ns
220,ns
267,ns
220,ns
220,ns
278,ns
255,ns
144,ns
220,ns
177,ns
220,ns
260,ns
181,ns
220,ns
264,ns
156,ns
304,ns
296,ns
314,ns
220,ns
229,ns
220,ns
297,ns
220,ns
163,ns
134,ns
220,ns
220,ns
137,ns
220,ns
220,ns
220,ns
128,ns
220,ns
220,ns
141,ns
220,ns
126,ns
220,ns
220,ns
220,ns
155,ns
181,ns
220,ns
191,ns
220,ns
292,ns
210,ns
220,ns
220,ns
220,ns
145,ns
191,ns
220,ns
220,ns
302,ns
296,ns
220,ns
281,ns
220,ns
220,ns
220,ns
220,ns
269,ns
299,ns
298,ns
220,ns
220,ns
220,ns
220,ns
220,ns
159,ns
220,ns
271,ns
220,ns
220,ns
159,ns
220,ns
133,ns
220,ns
220,ns
220,ns
220,ns
220,ns
307,ns
198,ns
220,ns
221,ns
234,ns
220,ns
220,ns
220,ns
220,ns
250,ns
220,ns
148,ns
220,ns
142,ns
220,ns
220,ns
220,ns
220,ns
220,ns
127,ns
233,ns
220,ns
157,ns
220,ns
220,ns
160,ns
220,ns
220,ns
314,ns
286,ns
307,ns
220,ns
311,ns
220,ns
285,ns
220,ns
145,ns
220,ns
183,ns
304,ns
220,ns
171,ns
315,ns
220,ns
220,ns
312,ns
220,ns
292,ns
220,ns
123,ns
302,ns
220,ns
157,ns
138,ns
241,ns
267,ns
189,ns
220,ns
225,ns
220,ns
258,ns
220,ns
220,ns
220,ns
172,ns
220,ns
215,ns
220,ns
220,ns
198,ns
220,ns
220,ns
220,ns
167,ns
220,ns
294,ns
220,ns
220,ns
220,ns
220,ns
162,ns
226,ns
238,ns
318,ns
292,ns
220,ns
220,ns
220,ns
289,ns
220,ns
220,ns
220,ns
220,ns
300,ns
190,ns
220,ns
317,ns
220,ns
237,ns
220,ns
310,ns
220,ns
228,ns
219,ns
220,ns
242,ns
276,ns
146,ns
220,ns
220,ns
220,ns
220,ns
283,ns
220,ns
254,ns
220,ns
313,ns
220,ns
178,ns
198,ns
220,ns
286,ns
220,ns
185,ns
220,ns
220,ns
220,ns
220,ns
183,ns
176,ns
147,ns
175,ns
220,ns
220,ns
137,ns
231,ns
220,ns
280,ns
220,ns
283,ns
220,ns
135,ns
315,ns
220,ns
245,ns
208,ns
182,ns
220,ns
220,ns
158,ns
209,ns
220,ns
220,ns
296,ns
314,ns
220,ns
144,ns
220,ns
220,ns
278,ns
314,ns
220,ns
220,ns
220,ns
220,ns
220,ns
220,ns
220,ns
220,ns
154,ns
220,ns
165,ns
283,ns
183,ns
220,ns
148,ns
208,ns
148,ns
300,ns
220,ns
256,ns
220,ns
295,ns
163,ns
148,ns
224,ns
252,ns
220,ns
195,ns
220,ns
254,ns
220,ns
226,ns
180,ns
220,ns
189,ns
157,ns
124,ns
298,ns
191,ns
170,ns
220,ns
147,ns
220,ns
220,ns
287,ns
137,ns
220,ns
299,ns
220,ns
164,ns
227,ns
220,ns
220,ns
220,ns
298,ns
220,ns
122,ns
220,ns
256,ns
220,ns
220,ns
283,ns
133,ns
220,ns
198,ns
141,ns
220,ns
220,ns
220,ns
220,ns
148,ns
220,ns
220,ns
220,ns
220,ns
182,ns
220,ns
220,ns
175,ns
230,ns
220,ns
158,ns
146,ns
220,ns
278,ns
220,ns
129,ns
220,ns
241,ns
123,ns
220,ns
220,ns
220,ns
126,ns
171,ns
220,ns
181,ns
137,ns
296,ns
220,ns
140,ns
275,ns
220,ns
220,ns
220,ns
220,ns
180,ns
220,ns
279,ns
220,ns
220,ns
280,ns
185,ns
284,ns
220,ns
220,ns
220,ns
222,ns
293,ns
184,ns
220,ns
220,ns
246,ns
296,ns
220,ns
220,ns
220,ns
229,ns
240,ns
220,ns
220,ns
146,ns
220,ns
220,ns
220,ns
284,ns
247,ns
279,ns
220,ns
220,ns
220,ns
191,ns
132,ns
220,ns
220,ns
220,ns
149,ns
131,ns
300,ns
169,ns
220,ns
242,ns
220,ns
220,ns
220,ns
123,ns
220,ns
202,ns
222,ns
220,ns
220,ns
220,ns
220,ns
220,ns
220,ns
229,ns
259,ns
320,ns
220,ns
220,ns
220,ns
243,ns
220,ns
220,ns
167,ns
220,ns
220,ns
300,ns
220,ns
149,ns
220,ns
220,ns
220,ns
175,ns
220,ns
220,ns
220,ns
220,ns
220,ns
220,ns
309,ns
144,ns
220,ns
220,ns
220,ns
220,ns
200,ns
220,ns
309,ns
220,ns
220,ns
253,ns
220,ns
297,ns
167,ns
296,ns
236,ns
193,ns
170,ns
245,ns
225,ns
220,ns
220,ns
220,ns
270,ns
220,ns
220,ns
220,ns
232,ns
214,ns
189,ns
220,ns
252,ns
223,ns
170,ns
276,ns
220,ns
179,ns
241,ns
220,ns
241,ns
126,ns
220,ns
220,ns
313,ns
220,ns
173,ns
315,ns
213,ns
145,ns
220,ns
193,ns
220,ns
301,ns
234,ns
220,ns
204,ns
163,ns
220,ns
220,ns
241,ns
220,ns
220,ns
220,ns
153,ns
220,ns
141,ns
220,ns
182,ns
272,ns
220,ns
220,ns
205,ns
220,ns
300,ns
220,ns
294,ns
138,ns
220,ns
213,ns
156,ns
220,ns
220,ns
220,ns
124,ns
220,ns
309,ns
185,ns
220,ns
220,ns
202,ns
220,ns
220,ns
220,ns
202,ns
220,ns
125,ns
220,ns
220,ns
220,ns
127,ns
239,ns
148,ns
220,ns
128,ns
220,ns
220,ns
271,ns
142,ns
315,ns
244,ns
178,ns
233,ns
220,ns
272,ns
247,ns
202,ns
220,ns
291,ns
220,ns
220,ns
220,ns
318,ns
220,ns
220,ns
220,ns
181,ns
316,ns
220,ns
300,ns
220,ns
133,ns
220,ns
302,ns
140,ns
220,ns
210,ns
210,ns
165,ns
220,ns
220,ns
220,ns
223,ns
231,ns
277,ns
304,ns
220,ns
220,ns
227,ns
220,ns
220,ns
220,ns
220,ns
130,ns
220,ns
240,ns
209,ns
220,ns
242,ns
228,ns
220,ns
220,ns
175,ns
197,ns
185,ns
141,ns
220,ns
220,ns
220,ns
234,ns
269,ns
220,ns
144,ns
220,ns
264,ns
152,ns
220,ns
130,ns
304,ns
220,ns
249,ns
285,ns
163,ns
220,ns
180,ns
220,ns
201,ns
171,ns
220,ns
220,ns
220,ns
220,ns
127,ns
220,ns
162,ns
220,ns
220,ns
220,ns
220,ns
121,ns
299,ns
220,ns
253,ns
251,ns
294,ns
282,ns
220,ns
290,ns
220,ns
220,ns
169,ns
151,ns
212,ns
220,ns
220,ns
274,ns
220,ns
190,ns
203,ns
220,ns
220,ns
220,ns
144,ns
288,ns
218,ns
317,ns
146,ns
220,ns
220,ns
220,ns
152,ns
137,ns
122,ns
247,ns
220,ns
293,ns
220,ns
220,ns
320,ns
220,ns
220,ns
260,ns
187,ns
171,ns
220,ns
220,ns
220,ns
182,ns
220,ns
220,ns
220,ns
220,ns
220,ns
220,ns
258,ns
220,ns
220,ns
139,ns
220,ns
260,ns
220,ns
220,ns
220,ns
291,ns
257,ns
220,ns
220,ns
131,ns
220,ns
223,ns
314,ns
313,ns
205,ns
220,ns
179,ns
220,ns
220,ns
220,ns
220,ns
220,ns
213,ns
220,ns
269,ns
220,ns
220,ns
220,ns
318,ns
220,ns
220,ns
220,ns
220,ns
177,ns
220,ns
299,ns
209,ns
193,ns
299,ns
193,ns
220,ns
245,ns
261,ns
220,ns
198,ns
219,ns
220,ns
220,ns
273,ns
193,ns
247,ns
220,ns
220,ns
222,ns
220,ns
294,ns
220,ns
220,ns
220,ns
177,ns
173,ns
220,ns
220,ns
298,ns
220,ns
220,ns
220,ns
220,ns
220,ns
220,ns
220,ns
243,ns
130,ns
220,ns
270,ns
220,ns
220,ns
274,ns
220,ns
220,ns
255,ns
220,ns
220,ns
277,ns
220,ns
131,ns
145,ns
245,ns
205,ns
220,ns
220,ns
220,ns
273,ns
273,ns
220,ns
220,ns
319,ns
126,ns
220,ns
220,ns
241,ns
220,ns
319,ns
220,ns
220,ns
184,ns
220,ns
288,ns
271,ns
187,ns
220,ns
124,ns
320,ns
199,ns
203,ns
220,ns
131,ns
225,ns
124,ns
220,ns
220,ns
220,ns
220,ns
220,ns
220,ns
142,ns
220,ns
220,ns
296,ns
269,ns
220,ns
220,ns
170,ns
220,ns
263,ns
299,ns
220,ns
316,ns
220,ns
220,ns
220,ns
152,ns
220,ns
130,ns
160,ns
121,ns
220,ns
283,ns
220,ns
220,ns
176,ns
160,ns
201,ns
308,ns
295,ns
220,ns
220,ns
258,ns
194,ns
200,ns
290,ns
220,ns
220,ns
220,ns
220,ns
220,ns
246,ns
176,ns
220,ns
209,ns
188,ns
220,ns
297,ns
202,ns
302,ns
273,ns
220,ns
220,ns
126,ns
188,ns
220,ns
220,ns
163,ns
243,ns
220,ns
250,ns
162,ns
220,ns
262,ns
220,ns
309,ns
149,ns
220,ns
184,ns
220,ns
220,ns
220,ns
216,ns
220,ns
278,ns
302,ns
220,ns
220,ns
220,ns
220,ns
249,ns
281,ns
292,ns
287,ns
220,ns
313,ns
220,ns
262,ns
270,ns
220,ns
236,ns
162,ns
220,ns
160,ns
220,ns
191,ns
303,ns
293,ns
220,ns
220,ns
220,ns
228,ns
187,ns
121,ns
259,ns
236,ns
260,ns
220,ns
220,ns
220,ns
220,ns
220,ns
220,ns
264,ns
220,ns
220,ns
220,ns
185,ns
220,ns
141,ns
184,ns
220,ns
220,ns
220,ns
220,ns
247,ns
220,ns
220,ns
220,ns
220,ns
224,ns
187,ns
220,ns
220,ns
300,ns
141,ns
261,ns
220,ns
220,ns
220,ns
179,ns
190,ns
188,ns
256,ns
220,ns
172,ns
220,ns
220,ns
160,ns
298,ns
161,ns
220,ns
220,ns
220,ns
305,ns
220,ns
122,ns
277,ns
220,ns
220,ns
198,ns
212,ns
220,ns
220,ns
186,ns
276,ns
160,ns
132,ns
238,ns
220,ns
272,ns
220,ns
307,ns
182,ns
220,ns
234,ns
227,ns
220,ns
200,ns
140,ns
220,ns
206,ns
161,ns
220,ns
250,ns
220,ns
220,ns
242,ns
271,ns
220,ns
220,ns
143,ns
220,ns
274,ns
224,ns
220,ns
181,ns
220,ns
220,ns
256,ns
220,ns
307,ns
140,ns
220,ns
220,ns
220,ns
220,ns
156,ns
286,ns
174,ns
287,ns
220,ns
201,ns
139,ns
309,ns
314,ns
240,ns
244,ns
158,ns
230,ns
220,ns
215,ns
229,ns
220,ns
220,ns
220,ns
220,ns
220,ns
183,ns
307,ns
308,ns
266,ns
220,ns
220,ns
287,ns
220,ns
220,ns
173,ns
220,ns
220,ns
220,ns
131,ns
121,ns
184,ns
220,ns
220,ns
220,ns
220,ns
193,ns
220,ns
318,ns
132,ns
151,ns
306,ns
220,ns
288,ns
271,ns
176,ns
252,ns
220,ns
150,ns
220,ns
220,ns
153,ns
220,ns
285,ns
320,ns
220,ns
220,ns
220,ns
220,ns
220,ns
220,ns
220,ns
220,ns
170,ns
220,ns
220,ns
270,ns
220,ns
220,ns
220,ns
265,ns
171,ns
220,ns
220,ns
220,ns
220,ns
220,ns
220,ns
220,ns
220,ns
189,ns
220,ns
133,ns
154,ns
220,ns
211,ns
220,ns
201,ns
261,ns
133,ns
220,ns
246,ns
220,ns
149,ns
220,ns
222,ns
220,ns
220,ns
220,ns
220,ns
282,ns
220,ns
220,ns
220,ns
307,ns
310,ns
220,ns
188,ns
220,ns
195,ns
259,ns
137,ns
132,ns
169,ns
220,ns
200,ns
211,ns
220,ns
240,ns
220,ns
220,ns
220,ns
220,ns
150,ns
220,ns
247,ns
220,ns
311,ns
278,ns
167,ns
220,ns
220,ns
220,ns
213,ns
220,ns
220,ns
220,ns
134,ns
191,ns
199,ns
128,ns
266,ns
220,ns
241,ns
220,ns
246,ns
220,ns
220,ns
154,ns
162,ns
294,ns
257,ns
220,ns
163,ns
144,ns
224,ns
220,ns
220,ns
220,ns
220,ns
220,ns
220,ns
220,ns
220,ns
244,ns
220,ns
241,ns
214,ns
220,ns
280,ns
158,ns
249,ns
225,ns
220,ns
220,ns
264,ns
173,ns
220,ns
220,ns
175,ns
127,ns
220,ns
220,ns
220,ns
220,ns
206,ns
253,ns
182,ns
251,ns
121,ns
168,ns
271,ns
289,ns
220,ns
220,ns
184,ns
149,ns
220,ns
184,ns
220,ns
220,ns
220,ns
220,ns
166,ns
563,ns
590,ns
362,ns
637,ns
463,ns
498,ns
409,ns
395,ns
470,ns
588,ns
468,ns
468,ns
483,ns
350,ns
479,ns
652,ns
466,ns
483,ns
494,ns
567,ns
656,ns
578,ns
627,ns
372,ns
507,ns
385,ns
430,ns
518,ns
488,ns
505,ns
639,ns
470,ns
375,ns
506,ns
584,ns
499,ns
443,ns
459,ns
551,ns
451,ns
656,ns
598,ns
336,ns
652,ns
328,ns
447,ns
563,ns
330,ns
492,ns
377,ns
346,ns
365,ns
419,ns
413,ns
443,ns
415,ns
568,ns
623,ns
562,ns
328,ns
514,ns
433,ns
656,ns
538,ns
389,ns
581,ns
532,ns
344,ns
366,ns
386,ns
627,ns
409,ns
378,ns
562,ns
344,ns
639,ns
447,ns
593,ns
599,ns
417,ns
593,ns
410,ns
328,ns
385,ns
606,ns
413,ns
433,ns
498,ns
440,ns
568,ns
366,ns
647,ns
393,ns
486,ns
388,ns
630,ns
421,ns
472,ns
571,ns
601,ns
462,ns
556,ns
525,ns
532,ns
513,ns
493,ns
450,ns
573,ns
357,ns
594,ns
511,ns
570,ns
599,ns
456,ns
555,ns
381,ns
577,ns
393,ns
597,ns
493,ns
466,ns
505,ns
534,ns
356,ns
490,ns
621,ns
542,ns
434,ns
594,ns
382,ns
616,ns
480,ns
389,ns
433,ns
360,ns
604,ns
498,ns
378,ns
542,ns
585,ns
450,ns
423,ns
665,ns
554,ns
646,ns
443,ns
516,ns
460,ns
455,ns
437,ns
373,ns
495,ns
576,ns
586,ns
590,ns
666,ns
371,ns
452,ns
358,ns
491,ns
563,ns
589,ns
533,ns
380,ns
420,ns
431,ns
346,ns
618,ns
640,ns
520,ns
496,ns
511,ns
391,ns
369,ns
341,ns
445,ns
422,ns
417,ns
556,ns
634,ns
402,ns
357,ns
468,ns
554,ns
642,ns
503,ns
382,ns
434,ns
428,ns
382,ns
405,ns
527,ns
520,ns
428,ns
655,ns
375,ns
633,ns
559,ns
327,ns
557,ns
484,ns
575,ns
370,ns
536,ns
331,ns
334,ns
506,ns
436,ns
577,ns
458,ns
575,ns
507,ns
433,ns
402,ns
647,ns
633,ns
509,ns
346,ns
396,ns
622,ns
478,ns
532,ns
657,ns
637,ns
440,ns
669,ns
505,ns
462,ns
637,ns
636,ns
608,ns
529,ns
398,ns
477,ns
551,ns
529,ns
351,ns
600,ns
646,ns
424,ns
553,ns
587,ns
352,ns
367,ns
549,ns
586,ns
535,ns
322,ns
409,ns
425,ns
670,ns
579,ns
660,ns
593,ns
470,ns
449,ns
481,ns
558,ns
576,ns
578,ns
598,ns
536,ns
556,ns
378,ns
503,ns
604,ns
451,ns
450,ns
334,ns
464,ns
639,ns
359,ns
380,ns
451,ns
536,ns
446,ns
575,ns
434,ns
564,ns
323,ns
499,ns
622,ns
433,ns
381,ns
533,ns
510,ns
561,ns
374,ns
467,ns
466,ns
493,ns
419,ns
335,ns
596,ns
430,ns
599,ns
488,ns
332,ns
655,ns
601,ns
668,ns
481,ns
635,ns
638,ns
402,ns
495,ns
557,ns
619,ns
429,ns
501,ns
413,ns
482,ns
525,ns
566,ns
481,ns
627,ns
515,ns
405,ns
580,ns
368,ns
388,ns
426,ns
402,ns
466,ns
528,ns
580,ns
625,ns
567,ns
361,ns
352,ns
593,ns
340,ns
621,ns
639,ns
606,ns
586,ns
565,ns
609,ns
364,ns
589,ns
375,ns
324,ns
482,ns
430,ns
647,ns
352,ns
604,ns
623,ns
617,ns
377,ns
443,ns
617,ns
470,ns
469,ns
428,ns
502,ns
580,ns
327,ns
588,ns
472,ns
659,ns
508,ns
528,ns
588,ns
340,ns
336,ns
448,ns
655,ns
487,ns
462,ns
606,ns
396,ns
621,ns
440,ns
587,ns
520,ns
629,ns
441,ns
408,ns
648,ns
534,ns
561,ns
444,ns
449,ns
424,ns
455,ns
478,ns
600,ns
422,ns
543,ns
610,ns
525,ns
655,ns
664,ns
592,ns
343,ns
534,ns
491,ns
566,ns
325,ns
560,ns
354,ns
367,ns
529,ns
406,ns
362,ns
558,ns
358,ns
509,ns
627,ns
376,ns
631,ns
626,ns
434,ns
633,ns
412,ns
340,ns
659,ns
618,ns
518,ns
606,ns
650,ns
615,ns
527,ns
489,ns
559,ns
664,ns
479,ns
385,ns
531,ns
383,ns
386,ns
524,ns
352,ns
500,ns
508,ns
348,ns
444,ns
379,ns
433,ns
602,ns
427,ns
572,ns
670,ns
490,ns
567,ns
623,ns
575,ns
581,ns
523,ns
446,ns
480,ns
490,ns
398,ns
453,ns
619,ns
643,ns
506,ns
553,ns
321,ns
523,ns
484,ns
428,ns
656,ns
379,ns
600,ns
338,ns
356,ns
331,ns
436,ns
428,ns
422,ns
645,ns
349,ns
523,ns
375,ns
524,ns
639,ns
515,ns
368,ns
498,ns
339,ns
373,ns
640,ns
334,ns
411,ns
387,ns
548,ns
628,ns
563,ns
435,ns
656,ns
594,ns
369,ns
465,ns
456,ns
655,ns
445,ns
549,ns
455,ns
544,ns
503,ns
370,ns
401,ns
661,ns
647,ns
612,ns
378,ns
501,ns
357,ns
573,ns
440,ns
418,ns
360,ns
453,ns
513,ns
338,ns
551,ns
428,ns
542,ns
486,ns
395,ns
374,ns
616,ns
548,ns
624,ns
609,ns
587,ns
546,ns
379,ns
659,ns
615,ns
361,ns
465,ns
591,ns
586,ns
480,ns
473,ns
631,ns
538,ns
400,ns
624,ns
346,ns
533,ns
398,ns
518,ns
322,ns
632,ns
362,ns
407,ns
425,ns
616,ns
523,ns
360,ns
518,ns
472,ns
378,ns
569,ns
397,ns
654,ns
402,ns
512,ns
497,ns
542,ns
431,ns
591,ns
376,ns
637,ns
670,ns
553,ns
592,ns
500,ns
394,ns
541,ns
433,ns
563,ns
546,ns
522,ns
628,ns
638,ns
425,ns
633,ns
433,ns
462,ns
438,ns
469,ns
334,ns
465,ns
517,ns
419,ns
430,ns
451,ns
422,ns
532,ns
465,ns
534,ns
624,ns
382,ns
579,ns
408,ns
547,ns
613,ns
334,ns
516,ns
452,ns
549,ns
637,ns
393,ns
453,ns
397,ns
575,ns
562,ns
391,ns
396,ns
631,ns
443,ns
556,ns
499,ns
361,ns
497,ns
411,ns
645,ns
440,ns
326,ns
596,ns
496,ns
660,ns
496,ns
391,ns
541,ns
457,ns
582,ns
338,ns
512,ns
579,ns
670,ns
379,ns
382,ns
411,ns
598,ns
631,ns
658,ns
329,ns
363,ns
433,ns
547,ns
550,ns
547,ns
480,ns
498,ns
336,ns
378,ns
402,ns
378,ns
385,ns
519,ns
522,ns
408,ns
603,ns
586,ns
554,ns
389,ns
560,ns
380,ns
437,ns
594,ns
413,ns
532,ns
332,ns
617,ns
490,ns
376,ns
419,ns
407,ns
463,ns
532,ns
574,ns
401,ns
646,ns
409,ns
362,ns
459,ns
549,ns
539,ns
502,ns
467,ns
469,ns
409,ns
382,ns
451,ns
354,ns
538,ns
415,ns
385,ns
541,ns
637,ns
634,ns
426,ns
622,ns
563,ns
666,ns
570,ns
333,ns
613,ns
510,ns
383,ns
616,ns
352,ns
529,ns
569,ns
371,ns
524,ns
643,ns
530,ns
484,ns
534,ns
487,ns
545,ns
492,ns
444,ns
663,ns
665,ns
455,ns
367,ns
573,ns
644,ns
411,ns
409,ns
419,ns
533,ns
331,ns
436,ns
337,ns
432,ns
645,ns
325,ns
457,ns
656,ns
628,ns
638,ns
596,ns
451,ns
544,ns
477,ns
612,ns
543,ns
531,ns
346,ns
357,ns
618,ns
581,ns
487,ns
563,ns
640,ns
541,ns
353,ns
388,ns
620,ns
601,ns
385,ns
344,ns
665,ns
367,ns
476,ns
444,ns
480,ns
406,ns
407,ns
434,ns
550,ns
420,ns
415,ns
646,ns
503,ns
414,ns
605,ns
580,ns
455,ns
670,ns
407,ns
541,ns
540,ns
379,ns
465,ns
528,ns
432,ns
633,ns
629,ns
368,ns
431,ns
425,ns
590,ns
368,ns
522,ns
657,ns
602,ns
442,ns
554,ns
664,ns
429,ns
634,ns
394,ns
670,ns
497,ns
324,ns
543,ns
642,ns
414,ns
354,ns
546,ns
519,ns
619,ns
440,ns
397,ns
450,ns
658,ns
359,ns
554,ns
601,ns
548,ns
374,ns
385,ns
397,ns
607,ns
621,ns
468,ns
600,ns
543,ns
523,ns
427,ns
588,ns
646,ns
532,ns
440,ns
653,ns
398,ns
358,ns
478,ns
409,ns
491,ns
670,ns
400,ns
361,ns
536,ns
324,ns
617,ns
649,ns
505,ns
515,ns
605,ns
668,ns
446,ns
523,ns
512,ns
488,ns
666,ns
501,ns
336,ns
518,ns
569,ns
339,ns
476,ns
330,ns
436,ns
333,ns
436,ns
580,ns
379,ns
342,ns
323,ns
377,ns
655,ns
508,ns
440,ns
551,ns
600,ns
643,ns
579,ns
492,ns
433,ns
634,ns
340,ns
351,ns
437,ns
344,ns
420,ns
369,ns
465,ns
331,ns
568,ns
634,ns
399,ns
541,ns
611,ns
569,ns
518,ns
495,ns
331,ns
551,ns
512,ns
396,ns
399,ns
587,ns
434,ns
513,ns
557,ns
537,ns
374,ns
557,ns
402,ns
523,ns
424,ns
333,ns
641,ns
606,ns
328,ns
660,ns
519,ns
611,ns
473,ns
473,ns
455,ns
401,ns
488,ns
588,ns
439,ns
429,ns
419,ns
361,ns
347,ns
590,ns
374,ns
383,ns
346,ns
480,ns
555,ns
409,ns
585,ns
435,ns
355,ns
527,ns
476,ns
369,ns
443,ns
543,ns
571,ns
601,ns
468,ns
429,ns
510,ns
652,ns
546,ns
576,ns
641,ns
415,ns
535,ns
484,ns
421,ns
357,ns
643,ns
417,ns
577,ns
370,ns
563,ns
386,ns
620,ns
663,ns
436,ns
343,ns
398,ns
494,ns
383,ns
599,ns
362,ns
516,ns
418,ns
606,ns
474,ns
427,ns
388,ns
499,ns
549,ns
460,ns
648,ns
361,ns
425,ns
516,ns
609,ns
527,ns
362,ns
462,ns
612,ns
638,ns
664,ns
515,ns
666,ns
583,ns
419,ns
642,ns
341,ns
359,ns
449,ns
608,ns
505,ns
413,ns
458,ns
395,ns
411,ns
641,ns
601,ns
400,ns
339,ns
465,ns
441,ns
356,ns
540,ns
497,ns
517,ns
614,ns
649,ns
475,ns
472,ns
432,ns
526,ns
479,ns
413,ns
450,ns
479,ns
445,ns
367,ns
598,ns
370,ns
490,ns
333,ns
532,ns
381,ns
480,ns
347,ns
508,ns
495,ns
422,ns
397,ns
463,ns
359,ns
322,ns
540,ns
626,ns
355,ns
445,ns
550,ns
327,ns
489,ns
600,ns
543,ns
495,ns
378,ns
380,ns
534,ns
481,ns
666,ns
438,ns
380,ns
664,ns
422,ns
489,ns
564,ns
555,ns
375,ns
542,ns
634,ns
626,ns
503,ns
626,ns
533,ns
389,ns
438,ns
493,ns
482,ns
383,ns
353,ns
428,ns
546,ns
564,ns
463,ns
508,ns
572,ns
455,ns
635,ns
652,ns
341,ns
476,ns
549,ns
453,ns
638,ns
402,ns
327,ns
426,ns
588,ns
407,ns
523,ns
452,ns
426,ns
629,ns
568,ns
372,ns
534,ns
538,ns
605,ns
336,ns
539,ns
584,ns
332,ns
418,ns
351,ns
521,ns
498,ns
666,ns
404,ns
510,ns
410,ns
383,ns
522,ns
624,ns
406,ns
324,ns
430,ns
624,ns
594,ns
436,ns
619,ns
588,ns
418,ns
414,ns
598,ns
439,ns
444,ns
552,ns
526,ns
657,ns
633,ns
620,ns
427,ns
396,ns
505,ns
594,ns
525,ns
340,ns
667,ns
456,ns
579,ns
465,ns
662,ns
559,ns
505,ns
643,ns
660,ns
513,ns
381,ns
376,ns
486,ns
521,ns
322,ns
449,ns
466,ns
657,ns
342,ns
556,ns
404,ns
655,ns
664,ns
632,ns
655,ns
468,ns
437,ns
633,ns
374,ns
322,ns
434,ns
431,ns
332,ns
540,ns
344,ns
334,ns
413,ns
451,ns
453,ns
504,ns
553,ns
450,ns
489,ns
411,ns
626,ns
391,ns
423,ns
660,ns
421,ns
528,ns
390,ns
327,ns
587,ns
573,ns
454,ns
464,ns
633,ns
403,ns
578,ns
568,ns
600,ns
599,ns
613,ns
560,ns
576,ns
534,ns
546,ns
628,ns
333,ns
482,ns
417,ns
437,ns
589,ns
635,ns
532,ns
664,ns
416,ns
550,ns
553,ns
382,ns
333,ns
475,ns
471,ns
500,ns
649,ns
442,ns
652,ns
419,ns
548,ns
585,ns
635,ns
430,ns
396,ns
553,ns
438,ns
351,ns
406,ns
634,ns
324,ns
538,ns
472,ns
488,ns
544,ns
562,ns
508,ns
557,ns
385,ns
449,ns
425,ns
405,ns
619,ns
396,ns
378,ns
467,ns
599,ns
600,ns
403,ns
420,ns
598,ns
665,ns
498,ns
600,ns
338,ns
613,ns
470,ns
467,ns
462,ns
499,ns
405,ns
354,ns
574,ns
342,ns
451,ns
577,ns
476,ns
329,ns
554,ns
450,ns
392,ns
478,ns
460,ns
417,ns
484,ns
430,ns
344,ns
421,ns
537,ns
505,ns
664,ns
460,ns
347,ns
450,ns
558,ns
363,ns
380,ns
439,ns
413,ns
418,ns
393,ns
416,ns
544,ns
652,ns
458,ns
520,ns
405,ns
563,ns
623,ns
666,ns
371,ns
382,ns
354,ns
627,ns
540,ns
341,ns
408,ns
477,ns
575,ns
384,ns
383,ns
488,ns
525,ns
464,ns
562,ns
604,ns
522,ns
481,ns
664,ns
386,ns
435,ns
573,ns
473,ns
617,ns
616,ns
627,ns
549,ns
639,ns
491,ns
405,ns
395,ns
356,ns
615,ns
618,ns
603,ns
669,ns
638,ns
520,ns
633,ns
669,ns
474,ns
419,ns
656,ns
445,ns
605,ns
628,ns
506,ns
533,ns
668,ns
512,ns
475,ns
627,ns
328,ns
653,ns
515,ns
495,ns
528,ns
511,ns
479,ns
602,ns
669,ns
569,ns
544,ns
616,ns
529,ns
591,ns
406,ns
642,ns
388,ns
580,ns
464,ns
520,ns
328,ns
484,ns
507,ns
648,ns
484,ns
529,ns
560,ns
584,ns
436,ns
652,ns
343,ns
332,ns
596,ns
447,ns
509,ns
440,ns
551,ns
642,ns
433,ns
393,ns
372,ns
333,ns
363,ns
383,ns
578,ns
595,ns
360,ns
519,ns
422,ns
636,ns
421,ns
571,ns
562,ns
365,ns
470,ns
449,ns
472,ns
659,ns
424,ns
666,ns
332,ns
355,ns
610,ns
488,ns
351,ns
642,ns
352,ns
424,ns
542,ns
408,ns
536,ns
557,ns
359,ns
498,ns
521,ns
560,ns
484,ns
493,ns
571,ns
632,ns
660,ns
644,ns
518,ns
396,ns
523,ns
339,ns
485,ns
327,ns
330,ns
592,ns
439,ns
456,ns
517,ns
660,ns
552,ns
542,ns
515,ns
535,ns
416,ns
364,ns
651,ns
544,ns
555,ns
665,ns
404,ns
326,ns
334,ns
385,ns
594,ns
624,ns
636,ns
455,ns
415,ns
666,ns
626,ns
492,ns
506,ns
384,ns
496,ns
396,ns
485,ns
663,ns
487,ns
361,ns
496,ns
492,ns
476,ns
464,ns
431,ns
504,ns
583,ns
483,ns
455,ns
591,ns
456,ns
598,ns
434,ns
549,ns
540,ns
423,ns
550,ns
614,ns
350,ns
355,ns
504,ns
324,ns
421,ns
577,ns
449,ns
555,ns
321,ns
652,ns
324,ns
658,ns
517,ns
551,ns
603,ns
400,ns
552,ns
517,ns
561,ns
604,ns
525,ns
579,ns
488,ns
343,ns
619,ns
540,ns
583,ns
436,ns
322,ns
530,ns
578,ns
361,ns
566,ns
515,ns
362,ns
487,ns
584,ns
558,ns
330,ns
421,ns
418,ns
666,ns
601,ns
622,ns
550,ns
428,ns
626,ns
489,ns
470,ns
583,ns
393,ns
458,ns
543,ns
651,ns
494,ns
654,ns
457,ns
450,ns
414,ns
375,ns
521,ns
365,ns
577,ns
501,ns
584,ns
663,ns
443,ns
608,ns
588,ns
639,ns
549,ns
515,ns
463,ns
611,ns
544,ns
592,ns
524,ns
475,ns
619,ns
366,ns
619,ns
467,ns
650,ns
564,ns
622,ns
458,ns
559,ns
480,ns
546,ns
665,ns
594,ns
569,ns
656,ns
475,ns
495,ns
426,ns
338,ns
404,ns
480,ns
558,ns
404,ns
354,ns
663,ns
394,ns
377,ns
489,ns
519,ns
346,ns
519,ns
665,ns
465,ns
358,ns
406,ns
663,ns
631,ns
499,ns
409,ns
594,ns
454,ns
340,ns
383,ns
610,ns
642,ns
587,ns
585,ns
459,ns
337,ns
412,ns
341,ns
577,ns
351,ns
330,ns
477,ns
441,ns
576,ns
492,ns
478,ns
440,ns
516,ns
327,ns
570,ns
459,ns
322,ns
513,ns
584,ns
437,ns
458,ns
443,ns
497,ns
458,ns
637,ns
468,ns
537,ns
572,ns
623,ns
339,ns
399,ns
654,ns
429,ns
423,ns
438,ns
443,ns
466,ns
653,ns
430,ns
538,ns
441,ns
597,ns
451,ns
594,ns
483,ns
599,ns
426,ns
485,ns
415,ns
562,ns
551,ns
490,ns
437,ns
455,ns
571,ns
570,ns
332,ns
330,ns
668,ns
583,ns
508,ns
474,ns
506,ns
639,ns
584,ns
412,ns
660,ns
542,ns
666,ns
542,ns
436,ns
481,ns
483,ns
466,ns
530,ns
349,ns
524,ns
511,ns
329,ns
456,ns
453,ns
539,ns
463,ns
648,ns
470,ns
386,ns
564,ns
343,ns
520,ns
624,ns
563,ns
423,ns
634,ns
481,ns
385,ns
577,ns
352,ns
376,ns
460,ns
381,ns
621,ns
329,ns
369,ns
348,ns
349,ns
631,ns
447,ns
587,ns
492,ns
462,ns
431,ns
496,ns
405,ns
568,ns
546,ns
450,ns
380,ns
447,ns
564,ns
543,ns
517,ns
587,ns
335,ns
607,ns
583,ns
612,ns
550,ns
608,ns
653,ns
651,ns
390,ns
321,ns
370,ns
612,ns
328,ns
517,ns
662,ns
396,ns
575,ns
632,ns
526,ns
495,ns
351,ns
471,ns
373,ns
615,ns
550,ns
588,ns
444,ns
509,ns
478,ns
578,ns
658,ns
640,ns
587,ns
667,ns
617,ns
567,ns
338,ns
585,ns
540,ns
610,ns
363,ns
592,ns
497,ns
488,ns
402,ns
371,ns
383,ns
464,ns
655,ns
636,ns
418,ns
327,ns
365,ns
626,ns
452,ns
387,ns
340,ns
601,ns
394,ns
406,ns
568,ns
471,ns
556,ns
459,ns
345,ns
575,ns
527,ns
373,ns
408,ns
594,ns
427,ns
666,ns
346,ns
352,ns
653,ns
354,ns
503,ns
367,ns
425,ns
633,ns
456,ns
503,ns
512,ns
593,ns
517,ns
330,ns
439,ns
422,ns
617,ns
474,ns
537,ns
505,ns
585,ns
475,ns
372,ns
652,ns
448,ns
661,ns
443,ns
530,ns
321,ns
418,ns
433,ns
604,ns
477,ns
420,ns
602,ns
451,ns
343,ns
392,ns
542,ns
592,ns
321,ns
377,ns
444,ns
400,ns
660,ns
634,ns
402,ns
653,ns
404,ns
339,ns
554,ns
346,ns
651,ns
438,ns
335,ns
343,ns
342,ns
415,ns
669,ns
378,ns
630,ns
583,ns
388,ns
620,ns
418,ns
404,ns
368,ns
466,ns
395,ns
668,ns
651,ns
538,ns
412,ns
639,ns
339,ns
585,ns
490,ns
642,ns
359,ns
470,ns
455,ns
423,ns
448,ns
451,ns
589,ns
630,ns
416,ns
330,ns
464,ns
540,ns
458,ns
532,ns
334,ns
647,ns
631,ns
337,ns
546,ns
570,ns
506,ns
387,ns
519,ns
468,ns
635,ns
491,ns
655,ns
488,ns
536,ns
449,ns
477,ns
644,ns
464,ns
635,ns
495,ns
364,ns
670,ns
505,ns
411,ns
371,ns
569,ns
397,ns
329,ns
487,ns
619,ns
543,ns
531,ns
651,ns
529,ns
443,ns
422,ns
380,ns
524,ns
590,ns
527,ns
554,ns
383,ns
574,ns
451,ns
367,ns
551,ns
666,ns
447,ns
522,ns
498,ns
476,ns
469,ns
367,ns
345,ns
630,ns
535,ns
548,ns
640,ns
445,ns
605,ns
476,ns
453,ns
408,ns
501,ns
396,ns
532,ns
592,ns
351,ns
416,ns
370,ns
431,ns
422,ns
595,ns
380,ns
631,ns
381,ns
576,ns
585,ns
416,ns
642,ns
632,ns
464,ns
329,ns
504,ns
522,ns
534,ns
328,ns
667,ns
493,ns
469,ns
343,ns
527,ns
529,ns
397,ns
649,ns
324,ns
519,ns
436,ns
603,ns
334,ns
416,ns
401,ns
573,ns
589,ns
551,ns
399,ns
533,ns
535,ns
565,ns
322,ns
330,ns
531,ns
366,ns
622,ns
357,ns
615,ns
576,ns
578,ns
526,ns
466,ns
605,ns
429,ns
503,ns
393,ns
348,ns
344,ns
429,ns
404,ns
468,ns
454,ns
575,ns
338,ns
632,ns
516,ns
547,ns
332,ns
370,ns
626,ns
488,ns
404,ns
509,ns
393,ns
522,ns
353,ns
542,ns
381,ns
427,ns
506,ns
661,ns
623,ns
338,ns
357,ns
381,ns
520,ns
506,ns
549,ns
639,ns
593,ns
556,ns
563,ns
388,ns
655,ns
453,ns
410,ns
581,ns
458,ns
470,ns
502,ns
453,ns
531,ns
398,ns
577,ns
457,ns
381,ns
484,ns
635,ns
417,ns
473,ns
620,ns
462,ns
533,ns
354,ns
582,ns
403,ns
605,ns
407,ns
509,ns
594,ns
632,ns
410,ns
328,ns
386,ns
439,ns
621,ns
406,ns
440,ns
420,ns
477,ns
504,ns
598,ns
513,ns
581,ns
660,ns
359,ns
502,ns
616,ns
554,ns
411,ns
624,ns
404,ns
591,ns
639,ns
606,ns
542,ns
437,ns
333,ns
350,ns
482,ns
509,ns
509,ns
362,ns
525,ns
544,ns
472,ns
383,ns
587,ns
408,ns
622,ns
576,ns
563,ns
433,ns
437,ns
487,ns
565,ns
506,ns
659,ns
606,ns
426,ns
481,ns
644,ns
440,ns
360,ns
557,ns
345,ns
521,ns
468,ns
451,ns
498,ns
601,ns
456,ns
356,ns
394,ns
324,ns
659,ns
421,ns
462,ns
492,ns
384,ns
533,ns
651,ns
641,ns
482,ns
531,ns
469,ns
337,ns
655,ns
489,ns
635,ns
557,ns
635,ns
508,ns
606,ns
506,ns
515,ns
534,ns
477,ns
381,ns
496,ns
559,ns
404,ns
619,ns
462,ns
615,ns
579,ns
659,ns
444,ns
513,ns
537,ns
506,ns
349,ns
412,ns
576,ns
511,ns
501,ns
407,ns
537,ns
355,ns
385,ns
661,ns
397,ns
624,ns
534,ns
369,ns
591,ns
526,ns
648,ns
536,ns
647,ns
637,ns
418,ns
441,ns
548,ns
617,ns
638,ns
353,ns
468,ns
628,ns
603,ns
346,ns
453,ns
449,ns
343,ns
408,ns
447,ns
637,ns
549,ns
453,ns
623,ns
668,ns
369,ns
511,ns
452,ns
510,ns
512,ns
556,ns
426,ns
584,ns
410,ns
472,ns
484,ns
591,ns
639,ns
338,ns
432,ns
628,ns
536,ns
326,ns
570,ns
586,ns
453,ns
652,ns
585,ns
607,ns
433,ns
408,ns
616,ns
518,ns
410,ns
660,ns
664,ns
435,ns
481,ns
392,ns
457,ns
332,ns
608,ns
542,ns
481,ns
351,ns
356,ns
643,ns
504,ns
609,ns
404,ns
355,ns
584,ns
432,ns
433,ns
457,ns
392,ns
574,ns
388,ns
327,ns
576,ns
460,ns
337,ns
373,ns
441,ns
644,ns
666,ns
559,ns
668,ns
348,ns
337,ns
465,ns
621,ns
528,ns
487,ns
479,ns
593,ns
669,ns
326,ns
452,ns
370,ns
533,ns
508,ns
394,ns
335,ns
369,ns
444,ns
546,ns
546,ns
603,ns
510,ns
508,ns
609,ns
368,ns
488,ns
488,ns
427,ns
636,ns
552,ns
440,ns
579,ns
574,ns
619,ns
608,ns
430,ns
662,ns
336,ns
596,ns
508,ns
653,ns
451,ns
443,ns
451,ns
521,ns
556,ns
401,ns
470,ns
557,ns
450,ns
535,ns
540,ns
636,ns
594,ns
465,ns
336,ns
412,ns
473,ns
625,ns
623,ns
527,ns
321,ns
430,ns
498,ns
395,ns
446,ns
548,ns
613,ns
403,ns
661,ns
590,ns
667,ns
669,ns
511,ns
517,ns
403,ns
505,ns
393,ns
398,ns
430,ns
517,ns
545,ns
362,ns
446,ns
368,ns
388,ns
383,ns
360,ns
445,ns
595,ns
559,ns
328,ns
502,ns
610,ns
434,ns
667,ns
530,ns
387,ns
495,ns
474,ns
419,ns
543,ns
543,ns
617,ns
321,ns
539,ns
605,ns
423,ns
525,ns
551,ns
634,ns
551,ns
321,ns
490,ns
546,ns
374,ns
526,ns
323,ns
567,ns
491,ns
413,ns
601,ns
601,ns
580,ns
497,ns
480,ns
540,ns
629,ns
579,ns
607,ns
594,ns
365,ns
575,ns
448,ns
407,ns
416,ns
598,ns
527,ns
455,ns
465,ns
345,ns
411,ns
616,ns
539,ns
653,ns
403,ns
551,ns
607,ns
371,ns
621,ns
468,ns
535,ns
561,ns
495,ns
513,ns
620,ns
553,ns
662,ns
379,ns
626,ns
463,ns
558,ns
613,ns
331,ns
626,ns
451,ns
593,ns
542,ns
531,ns
622,ns
643,ns
624,ns
570,ns
388,ns
568,ns
616,ns
362,ns
509,ns
464,ns
334,ns
624,ns
562,ns
441,ns
518,ns
326,ns
569,ns
344,ns
403,ns
578,ns
374,ns
456,ns
487,ns
551,ns
500,ns
481,ns
613,ns
537,ns
343,ns
556,ns
465,ns
557,ns
328,ns
540,ns
515,ns
620,ns
465,ns
353,ns
361,ns
412,ns
580,ns
387,ns
514,ns
382,ns
501,ns
621,ns
468,ns
560,ns
532,ns
439,ns
528,ns
454,ns
345,ns
386,ns
499,ns
360,ns
603,ns
638,ns
430,ns
521,ns
437,ns
584,ns
425,ns
607,ns
583,ns
457,ns
402,ns
363,ns
321,ns
420,ns
644,ns
532,ns
360,ns
452,ns
412,ns
453,ns
637,ns
483,ns
450,ns
409,ns
563,ns
478,ns
644,ns
472,ns
520,ns
414,ns
469,ns
407,ns
381,ns
597,ns
364,ns
589,ns
592,ns
413,ns
481,ns
574,ns
657,ns
410,ns
468,ns
648,ns
540,ns
489,ns
393,ns
480,ns
516,ns
655,ns
528,ns
355,ns
619,ns
442,ns
555,ns
465,ns
436,ns
351,ns
338,ns
469,ns
563,ns
359,ns
619,ns
605,ns
339,ns
493,ns
386,ns
636,ns
465,ns
332,ns
579,ns
340,ns
499,ns
364,ns
327,ns
539,ns
395,ns
651,ns
510,ns
531,ns
493,ns
504,ns
561,ns
519,ns
353,ns
551,ns
360,ns
512,ns
591,ns
567,ns
662,ns
582,ns
486,ns
484,ns
605,ns
468,ns
571,ns
475,ns
527,ns
492,ns
473,ns
491,ns
544,ns
470,ns
601,ns
570,ns
598,ns
665,ns
533,ns
348,ns
617,ns
538,ns
608,ns
493,ns
579,ns
577,ns
418,ns
654,ns
346,ns
350,ns
387,ns
429,ns
465,ns
441,ns
384,ns
440,ns
545,ns
605,ns
400,ns
618,ns
330,ns
622,ns
639,ns
377,ns
548,ns
552,ns
370,ns
529,ns
445,ns
486,ns
366,ns
513,ns
444,ns
654,ns
626,ns
539,ns
500,ns
641,ns
350,ns
406,ns
649,ns
418,ns
663,ns
513,ns
482,ns
487,ns
637,ns
437,ns
348,ns
433,ns
520,ns
375,ns
653,ns
356,ns
601,ns
615,ns
382,ns
372,ns
369,ns
369,ns
415,ns
661,ns
349,ns
609,ns
553,ns
517,ns
635,ns
409,ns
522,ns
624,ns
371,ns
322,ns
606,ns
597,ns
571,ns
354,ns
609,ns
406,ns
355,ns
432,ns
558,ns
485,ns
404,ns
527,ns
492,ns
322,ns
482,ns
465,ns
526,ns
450,ns
388,ns
505,ns
396,ns
419,ns
481,ns
449,ns
381,ns
576,ns
345,ns
658,ns
537,ns
598,ns
447,ns
640,ns
636,ns
321,ns
540,ns
619,ns
577,ns
468,ns
633,ns
434,ns
422,ns
364,ns
420,ns
546,ns
609,ns
608,ns
407,ns
326,ns
551,ns
532,ns
511,ns
606,ns
401,ns
559,ns
670,ns
356,ns
576,ns
448,ns
663,ns
343,ns
533,ns
609,ns
533,ns
346,ns
541,ns
416,ns
636,ns
544,ns
413,ns
425,ns
464,ns
498,ns
343,ns
655,ns
458,ns
402,ns
423,ns
359,ns
334,ns
558,ns
383,ns
666,ns
547,ns
448,ns
364,ns
565,ns
632,ns
467,ns
405,ns
613,ns
670,ns
633,ns
333,ns
530,ns
640,ns
471,ns
517,ns
391,ns
518,ns
367,ns
493,ns
420,ns
440,ns
487,ns
325,ns
422,ns
532,ns
330,ns
653,ns
487,ns
347,ns
514,ns
432,ns
590,ns
382,ns
558,ns
604,ns
541,ns
511,ns
649,ns
382,ns
365,ns
336,ns
362,ns
353,ns
574,ns
365,ns
557,ns
562,ns
509,ns
401,ns
544,ns
339,ns
596,ns
610,ns
621,ns
587,ns
423,ns
428,ns
489,ns
475,ns
408,ns
384,ns
456,ns
637,ns
504,ns
330,ns
331,ns
629,ns
401,ns
390,ns
639,ns
611,ns
404,ns
546,ns
535,ns
464,ns
533,ns
588,ns
363,ns
353,ns
567,ns
546,ns
342,ns
627,ns
504,ns
385,ns
476,ns
507,ns
596,ns
471,ns
661,ns
623,ns
371,ns
475,ns
632,ns
403,ns
435,ns
574,ns
625,ns
389,ns
571,ns
602,ns
491,ns
669,ns
521,ns
482,ns
475,ns
591,ns
514,ns
628,ns
391,ns
468,ns
414,ns
668,ns
485,ns
656,ns
432,ns
524,ns
620,ns
624,ns
552,ns
553,ns
664,ns
491,ns
429,ns
433,ns
413,ns
609,ns
539,ns
393,ns
650,ns
347,ns
595,ns
608,ns
356,ns
523,ns
385,ns
430,ns
601,ns
596,ns
390,ns
356,ns
542,ns
471,ns
626,ns
643,ns
526,ns
416,ns
477,ns
510,ns
475,ns
359,ns
615,ns
438,ns
631,ns
496,ns
441,ns
354,ns
631,ns
602,ns
589,ns
577,ns
610,ns
523,ns
396,ns
352,ns
529,ns
378,ns
598,ns
601,ns
433,ns
527,ns
543,ns
638,ns
650,ns
345,ns
412,ns
594,ns
660,ns
528,ns
670,ns
629,ns
641,ns
353,ns
417,ns
529,ns
410,ns
503,ns
362,ns
488,ns
530,ns
543,ns
326,ns
386,ns
435,ns
516,ns
482,ns
494,ns
602,ns
478,ns
618,ns
398,ns
369,ns
590,ns
331,ns
646,ns
650,ns
593,ns
560,ns
528,ns
529,ns
578,ns
396,ns
386,ns
499,ns
552,ns
506,ns
411,ns
345,ns
450,ns
540,ns
412,ns
652,ns
563,ns
400,ns
344,ns
424,ns
383,ns
334,ns
422,ns
481,ns
568,ns
487,ns
509,ns
427,ns
574,ns
461,ns
517,ns
640,ns
593,ns
430,ns
341,ns
467,ns
595,ns
610,ns
523,ns
476,ns
528,ns
621,ns
552,ns
412,ns
616,ns
660,ns
421,ns
589,ns
471,ns
635,ns
495,ns
598,ns
423,ns
336,ns
616,ns
460,ns
585,ns
401,ns
431,ns
334,ns
635,ns
625,ns
468,ns
476,ns
360,ns
422,ns
449,ns
584,ns
469,ns
407,ns
397,ns
482,ns
346,ns
659,ns
547,ns
367,ns
350,ns
435,ns
470,ns
551,ns
481,ns
505,ns
463,ns
407,ns
659,ns
399,ns
330,ns
649,ns
388,ns
523,ns
485,ns
330,ns
484,ns
663,ns
606,ns
332,ns
527,ns
379,ns
496,ns
407,ns
384,ns
414,ns
475,ns
601,ns
561,ns
503,ns
472,ns
536,ns
336,ns
488,ns
575,ns
487,ns
601,ns
648,ns
660,ns
479,ns
586,ns
517,ns
368,ns
388,ns
630,ns
322,ns
444,ns
659,ns
356,ns
406,ns
544,ns
347,ns
465,ns
647,ns
404,ns
322,ns
423,ns
404,ns
543,ns
399,ns
363,ns
356,ns
574,ns
656,ns
463,ns
401,ns
626,ns
451,ns
467,ns
513,ns
375,ns
639,ns
610,ns
455,ns
399,ns
369,ns
459,ns
638,ns
423,ns
518,ns
605,ns
345,ns
660,ns
531,ns
521,ns
411,ns
358,ns
382,ns
441,ns
483,ns
395,ns
649,ns
647,ns
497,ns
633,ns
569,ns
512,ns
464,ns
670,ns
485,ns
441,ns
374,ns
394,ns
487,ns
619,ns
553,ns
652,ns
667,ns
594,ns
559,ns
559,ns
436,ns
540,ns
540,ns
615,ns
375,ns
488,ns
485,ns
542,ns
334,ns
358,ns
651,ns
557,ns
637,ns
633,ns
468,ns
670,ns
476,ns
657,ns
656,ns
505,ns
659,ns
447,ns
639,ns
481,ns
565,ns
536,ns
621,ns
451,ns
657,ns
554,ns
331,ns
387,ns
648,ns
522,ns
661,ns
522,ns
474,ns
323,ns
521,ns
399,ns
407,ns
623,ns
594,ns
625,ns
579,ns
640,ns
583,ns
460,ns
475,ns
561,ns
482,ns
569,ns
592,ns
390,ns
347,ns
592,ns
446,ns
497,ns
385,ns
554,ns
552,ns
649,ns
645,ns
347,ns
517,ns
348,ns
632,ns
514,ns
631,ns
503,ns
330,ns
340,ns
629,ns
439,ns
565,ns
337,ns
396,ns
575,ns
358,ns
385,ns
366,ns
488,ns
598,ns
663,ns
361,ns
502,ns
667,ns
403,ns
668,ns
665,ns
464,ns
321,ns
541,ns
506,ns
543,ns
475,ns
637,ns
532,ns
547,ns
618,ns
324,ns
637,ns
429,ns
520,ns
335,ns
605,ns
613,ns
651,ns
452,ns
609,ns
470,ns
522,ns
443,ns
418,ns
490,ns
587,ns
662,ns
606,ns
471,ns
338,ns
571,ns
650,ns
654,ns
638,ns
623,ns
424,ns
642,ns
633,ns
505,ns
391,ns
537,ns
550,ns
598,ns
396,ns
555,ns
451,ns
633,ns
382,ns
576,ns
427,ns
503,ns
605,ns
326,ns
550,ns
455,ns
472,ns
348,ns
627,ns
324,ns
377,ns
438,ns
394,ns
506,ns
478,ns
351,ns
641,ns
350,ns
479,ns
372,ns
467,ns
594,ns
572,ns
475,ns
425,ns
397,ns
493,ns
519,ns
661,ns
427,ns
567,ns
572,ns
588,ns
414,ns
627,ns
389,ns
494,ns
473,ns
564,ns
560,ns
658,ns
400,ns
550,ns
352,ns
421,ns
664,ns
424,ns
409,ns
333,ns
560,ns
516,ns
649,ns
494,ns
649,ns
485,ns
388,ns
437,ns
632,ns
527,ns
544,ns
491,ns
427,ns
655,ns
340,ns
504,ns
453,ns
467,ns
415,ns
407,ns
370,ns
657,ns
586,ns
570,ns
485,ns
513,ns
589,ns
371,ns
468,ns
502,ns
377,ns
593,ns
554,ns
594,ns
495,ns
517,ns
597,ns
625,ns
522,ns
407,ns
626,ns
616,ns
356,ns
368,ns
604,ns
642,ns
550,ns
414,ns
447,ns
334,ns
549,ns
542,ns
343,ns
591,ns
448,ns
346,ns
450,ns
573,ns
428,ns
568,ns
401,ns
517,ns
565,ns
639,ns
432,ns
398,ns
494,ns
559,ns
510,ns
425,ns
609,ns
631,ns
342,ns
572,ns
532,ns
532,ns
532,ns
479,ns
518,ns
359,ns
455,ns
337,ns
437,ns
370,ns
524,ns
376,ns
655,ns
626,ns
363,ns
383,ns
520,ns
416,ns
553,ns
379,ns
434,ns
426,ns
620,ns
535,ns
332,ns
364,ns
354,ns
531,ns
611,ns
515,ns
363,ns
417,ns
652,ns
614,ns
387,ns
448,ns
469,ns
500,ns
369,ns
385,ns
371,ns
384,ns
411,ns
559,ns
341,ns
526,ns
363,ns
393,ns
374,ns
434,ns
498,ns
362,ns
564,ns
521,ns
351,ns
439,ns
333,ns
523,ns
440,ns
514,ns
669,ns
552,ns
599,ns
323,ns
454,ns
331,ns
333,ns
355,ns
448,ns
392,ns
519,ns
383,ns
598,ns
424,ns
624,ns
609,ns
597,ns
617,ns
463,ns
422,ns
503,ns
644,ns
648,ns
567,ns
467,ns
536,ns
566,ns
360,ns
440,ns
627,ns
414,ns
339,ns
419,ns
589,ns
631,ns
355,ns
426,ns
578,ns
321,ns
454,ns
352,ns
553,ns
495,ns
543,ns
386,ns
380,ns
439,ns
669,ns
414,ns
355,ns
509,ns
336,ns
586,ns
499,ns
408,ns
360,ns
478,ns
629,ns
497,ns
407,ns
659,ns
564,ns
436,ns
621,ns
525,ns
665,ns
519,ns
587,ns
569,ns
358,ns
400,ns
418,ns
369,ns
417,ns
422,ns
357,ns
432,ns
649,ns
411,ns
397,ns
584,ns
489,ns
607,ns
494,ns
549,ns
483,ns
407,ns
384,ns
624,ns
449,ns
618,ns
353,ns
470,ns
628,ns
365,ns
377,ns
479,ns
322,ns
535,ns
448,ns
433,ns
411,ns
551,ns
644,ns
506,ns
583,ns
549,ns
470,ns
387,ns
644,ns
397,ns
416,ns
324,ns
425,ns
331,ns
451,ns
664,ns
453,ns
403,ns
489,ns
444,ns
387,ns
639,ns
379,ns
523,ns
545,ns
638,ns
376,ns
619,ns
646,ns
443,ns
624,ns
568,ns
394,ns
627,ns
407,ns
609,ns
404,ns
392,ns
651,ns
479,ns
499,ns
413,ns
482,ns
546,ns
601,ns
664,ns
488,ns
596,ns
588,ns
426,ns
545,ns
524,ns
554,ns
428,ns
464,ns
508,ns
653,ns
333,ns
420,ns
483,ns
329,ns
373,ns
413,ns
377,ns
613,ns
445,ns
639,ns
338,ns
469,ns
661,ns
445,ns
493,ns
421,ns
329,ns
410,ns
644,ns
546,ns
534,ns
546,ns
466,ns
526,ns
587,ns
321,ns
513,ns
364,ns
352,ns
415,ns
431,ns
388,ns
363,ns
398,ns
547,ns
482,ns
353,ns
557,ns
335,ns
615,ns
393,ns
602,ns
469,ns
536,ns
344,ns
576,ns
367,ns
364,ns
670,ns
394,ns
385,ns
648,ns
576,ns
390,ns
649,ns
339,ns
363,ns
612,ns
611,ns
427,ns
597,ns
340,ns
458,ns
606,ns
506,ns
563,ns
530,ns
503,ns
496,ns
398,ns
615,ns
606,ns
603,ns
583,ns
411,ns
622,ns
652,ns
476,ns
621,ns
662,ns
568,ns
575,ns
456,ns
372,ns
552,ns
509,ns
669,ns
363,ns
425,ns
360,ns
653,ns
423,ns
513,ns
490,ns
322,ns
554,ns
490,ns
521,ns
324,ns
620,ns
520,ns
657,ns
656,ns
485,ns
491,ns
591,ns
461,ns
329,ns
663,ns
652,ns
615,ns
538,ns
537,ns
402,ns
638,ns
368,ns
524,ns
629,ns
566,ns
644,ns
503,ns
551,ns
563,ns
438,ns
412,ns
517,ns
652,ns
449,ns
383,ns
433,ns
664,ns
400,ns
485,ns
573,ns
478,ns
530,ns
506,ns
377,ns
337,ns
386,ns
383,ns
586,ns
324,ns
359,ns
441,ns
436,ns
502,ns
451,ns
327,ns
579,ns
338,ns
531,ns
650,ns
364,ns
376,ns
569,ns
628,ns
335,ns
639,ns
607,ns
413,ns
452,ns
389,ns
375,ns
377,ns
642,ns
386,ns
438,ns
549,ns
585,ns
630,ns
369,ns
334,ns
555,ns
460,ns
661,ns
495,ns
509,ns
537,ns
598,ns
607,ns
540,ns
575,ns
370,ns
346,ns
480,ns
407,ns
502,ns
329,ns
653,ns
584,ns
410,ns
666,ns
597,ns
505,ns
600,ns
473,ns
598,ns
580,ns
531,ns
599,ns
505,ns
478,ns
566,ns
595,ns
597,ns
492,ns
565,ns
440,ns
486,ns
542,ns
341,ns
553,ns
482,ns
574,ns
564,ns
547,ns
603,ns
472,ns
571,ns
594,ns
669,ns
459,ns
479,ns
659,ns
328,ns
440,ns
560,ns
387,ns
430,ns
540,ns
461,ns
475,ns
539,ns
667,ns
434,ns
548,ns
535,ns
444,ns
477,ns
323,ns
520,ns
670,ns
596,ns
497,ns
512,ns
332,ns
434,ns
532,ns
461,ns
441,ns
566,ns
487,ns
568,ns
371,ns
647,ns
591,ns
363,ns
595,ns
590,ns
589,ns
668,ns
455,ns
351,ns
587,ns
365,ns
383,ns
371,ns
323,ns
611,ns
467,ns
633,ns
449,ns
337,ns
519,ns
404,ns
569,ns
321,ns
566,ns
540,ns
323,ns
385,ns
503,ns
633,ns
593,ns
377,ns
640,ns
460,ns
645,ns
393,ns
338,ns
643,ns
635,ns
465,ns
424,ns
397,ns
434,ns
444,ns
445,ns
473,ns
604,ns
542,ns
492,ns
589,ns
344,ns
527,ns
358,ns
633,ns
663,ns
354,ns
450,ns
663,ns
520,ns
551,ns
460,ns
371,ns
372,ns
556,ns
534,ns
373,ns
594,ns
586,ns
560,ns
669,ns
697,ns
747,ns
808,ns
859,ns
769,ns
865,ns
827,ns
691,ns
858,ns
765,ns
804,ns
675,ns
718,ns
716,ns
745,ns
735,ns
858,ns
703,ns
792,ns
673,ns
692,ns
862,ns
738,ns
865,ns
822,ns
711,ns
749,ns
710,ns
688,ns
806,ns
720,ns
688,ns
718,ns
701,ns
812,ns
739,ns
789,ns
862,ns
861,ns
817,ns
739,ns
794,ns
827,ns
780,ns
702,ns
798,ns
796,ns
809,ns
770,ns
868,ns
742,ns
780,ns
761,ns
745,ns
732,ns
675,ns
826,ns
797,ns
704,ns
763,ns
827,ns
711,ns
814,ns
725,ns
818,ns
826,ns
745,ns
850,ns
865,ns
795,ns
762,ns
705,ns
767,ns
829,ns
777,ns
791,ns
713,ns
815,ns
831,ns
707,ns
743,ns
856,ns
789,ns
704,ns
755,ns
693,ns
715,ns
700,ns
825,ns
727,ns
745,ns
852,ns
807,ns
833,ns
678,ns
871,ns
725,ns
783,ns
780,ns
822,ns
866,ns
730,ns
722,ns
725,ns
681,ns
857,ns
692,ns
860,ns
715,ns
720,ns
824,ns
870,ns
707,ns
862,ns
741,ns
844,ns
787,ns
863,ns
751,ns
850,ns
690,ns
792,ns
809,ns
672,ns
804,ns
792,ns
753,ns
822,ns
702,ns
834,ns
763,ns
782,ns
846,ns
798,ns
824,ns
860,ns
731,ns
753,ns
742,ns
686,ns
713,ns
869,ns
766,ns
857,ns
801,ns
810,ns
813,ns
673,ns
833,ns
856,ns
798,ns
715,ns
690,ns
722,ns
699,ns
870,ns
770,ns
762,ns
840,ns
794,ns
695,ns
741,ns
728,ns
728,ns
864,ns
794,ns
767,ns
796,ns
741,ns
701,ns
786,ns
809,ns
695,ns
773,ns
700,ns
833,ns
678,ns
676,ns
792,ns
778,ns
707,ns
757,ns
739,ns
709,ns
822,ns
771,ns
785,ns
820,ns
813,ns
705,ns
870,ns
757,ns
769,ns
681,ns
671,ns
722,ns
795,ns
694,ns
699,ns
706,ns
789,ns
704,ns
799,ns
765,ns
792,ns
736,ns
695,ns
824,ns
830,ns
741,ns
797,ns
862,ns
680,ns
780,ns
787,ns
857,ns
710,ns
708,ns
849,ns
871,ns
704,ns
871,ns
737,ns
808,ns
820,ns
772,ns
681,ns
852,ns
868,ns
690,ns
724,ns
762,ns
779,ns
758,ns
836,ns
705,ns
708,ns
684,ns
797,ns
827,ns
781,ns
842,ns
819,ns
704,ns
774,ns
866,ns
704,ns
701,ns
756,ns
820,ns
705,ns
676,ns
705,ns
812,ns
738,ns
784,ns
781,ns
688,ns
823,ns
794,ns
818,ns
857,ns
761,ns
717,ns
709,ns
753,ns
719,ns
695,ns
800,ns
798,ns
789,ns
852,ns
673,ns
741,ns
778,ns
725,ns
721,ns
862,ns
841,ns
760,ns
757,ns
674,ns
711,ns
706,ns
745,ns
866,ns
770,ns
861,ns
836,ns
833,ns
677,ns
785,ns
868,ns
852,ns
773,ns
805,ns
773,ns
760,ns
774,ns
864,ns
758,ns
798,ns
762,ns
710,ns
741,ns
686,ns
846,ns
718,ns
774,ns
721,ns
841,ns
679,ns
696,ns
870,ns
835,ns
818,ns
863,ns
699,ns
863,ns
775,ns
715,ns
796,ns
841,ns
703,ns
801,ns
740,ns
826,ns
703,ns
710,ns
785,ns
778,ns
869,ns
782,ns
843,ns
752,ns
686,ns
678,ns
861,ns
747,ns
766,ns
707,ns
696,ns
673,ns
763,ns
714,ns
685,ns
860,ns
861,ns
824,ns
819,ns
839,ns
819,ns
847,ns
834,ns
721,ns
819,ns
683,ns
857,ns
717,ns
743,ns
799,ns
674,ns
766,ns
675,ns
710,ns
704,ns
721,ns
843,ns
807,ns
712,ns
763,ns
686,ns
705,ns
767,ns
812,ns
847,ns
848,ns
758,ns
837,ns
753,ns
777,ns
704,ns
740,ns
784,ns
731,ns
757,ns
754,ns
713,ns
795,ns
764,ns
810,ns
770,ns
753,ns
855,ns
705,ns
769,ns
709,ns
689,ns
743,ns
728,ns
769,ns
844,ns
867,ns
837,ns
699,ns
673,ns
810,ns
856,ns
805,ns
714,ns
770,ns
721,ns
715,ns
688,ns
848,ns
780,ns
866,ns
792,ns
848,ns
772,ns
850,ns
691,ns
754,ns
726,ns
791,ns
748,ns
852,ns
840,ns
838,ns
774,ns
811,ns
804,ns
820,ns
686,ns
844,ns
803,ns
739,ns
731,ns
852,ns
705,ns
822,ns
729,ns
830,ns
838,ns
854,ns
694,ns
719,ns
823,ns
837,ns
778,ns
839,ns
680,ns
776,ns
852,ns
724,ns
770,ns
729,ns
775,ns
713,ns
745,ns
815,ns
802,ns
752,ns
810,ns
790,ns
767,ns
849,ns
861,ns
675,ns
751,ns
705,ns
832,ns
726,ns
817,ns
706,ns
777,ns
728,ns
776,ns
752,ns
720,ns
778,ns
844,ns
710,ns
860,ns
864,ns
837,ns
816,ns
822,ns
870,ns
821,ns
723,ns
716,ns
852,ns
697,ns
686,ns
867,ns
679,ns
691,ns
760,ns
737,ns
857,ns
779,ns
722,ns
803,ns
786,ns
797,ns
705,ns
833,ns
853,ns
764,ns
710,ns
756,ns
719,ns
824,ns
801,ns
752,ns
812,ns
712,ns
840,ns
786,ns
826,ns
853,ns
837,ns
866,ns
750,ns
730,ns
686,ns
710,ns
817,ns
844,ns
816,ns
686,ns
718,ns
801,ns
672,ns
841,ns
854,ns
832,ns
857,ns
676,ns
848,ns
837,ns
762,ns
688,ns
698,ns
835,ns
698,ns
763,ns
787,ns
838,ns
724,ns
787,ns
731,ns
761,ns
758,ns
697,ns
744,ns
737,ns
852,ns
685,ns
800,ns
814,ns
722,ns
692,ns
713,ns
694,ns
810,ns
827,ns
817,ns
819,ns
728,ns
767,ns
836,ns
764,ns
818,ns
671,ns
733,ns
757,ns
817,ns
730,ns
700,ns
811,ns
688,ns
865,ns
777,ns
718,ns
685,ns
826,ns
791,ns
870,ns
745,ns
738,ns
722,ns
752,ns
824,ns
740,ns
768,ns
844,ns
856,ns
867,ns
708,ns
836,ns
824,ns
744,ns
713,ns
833,ns
738,ns
783,ns
865,ns
686,ns
673,ns
848,ns
672,ns
859,ns
685,ns
817,ns
818,ns
752,ns
688,ns
693,ns
859,ns
797,ns
807,ns
777,ns
696,ns
806,ns
805,ns
681,ns
802,ns
693,ns
857,ns
842,ns
725,ns
779,ns
728,ns
808,ns
712,ns
856,ns
836,ns
683,ns
839,ns
689,ns
780,ns
722,ns
871,ns
868,ns
837,ns
800,ns
851,ns
725,ns
688,ns
824,ns
790,ns
824,ns
784,ns
829,ns
752,ns
755,ns
809,ns
702,ns
707,ns
731,ns
699,ns
859,ns
695,ns
715,ns
671,ns
835,ns
823,ns
698,ns
804,ns
682,ns
838,ns
824,ns
836,ns
807,ns
736,ns
800,ns
846,ns
736,ns
766,ns
764,ns
759,ns
787,ns
742,ns
820,ns
776,ns
738,ns
718,ns
843,ns
795,ns
750,ns
713,ns
776,ns
803,ns
799,ns
697,ns
849,ns
773,ns
764,ns
788,ns
871,ns
731,ns
837,ns
864,ns
735,ns
770,ns
672,ns
836,ns
820,ns
869,ns
842,ns
722,ns
770,ns
763,ns
870,ns
767,ns
715,ns
816,ns
677,ns
680,ns
844,ns
755,ns
780,ns
822,ns
772,ns
854,ns
736,ns
815,ns
805,ns
744,ns
824,ns
865,ns
829,ns
671,ns
774,ns
845,ns
813,ns
755,ns
821,ns
725,ns
768,ns
818,ns
771,ns
835,ns
868,ns
835,ns
856,ns
845,ns
868,ns
708,ns
683,ns
773,ns
780,ns
797,ns
731,ns
671,ns
776,ns
849,ns
866,ns
864,ns
697,ns
797,ns
748,ns
819,ns
671,ns
686,ns
829,ns
786,ns
770,ns
754,ns
703,ns
863,ns
723,ns
827,ns
857,ns
830,ns
775,ns
766,ns
729,ns
843,ns
792,ns
830,ns
782,ns
690,ns
781,ns
855,ns
724,ns
765,ns
713,ns
746,ns
780,ns
730,ns
839,ns
815,ns
796,ns
713,ns
767,ns
829,ns
755,ns
783,ns
759,ns
776,ns
699,ns
725,ns
757,ns
701,ns
858,ns
765,ns
764,ns
808,ns
711,ns
738,ns
702,ns
683,ns
822,ns
762,ns
739,ns
846,ns
871,ns
771,ns
744,ns
742,ns
828,ns
769,ns
764,ns
700,ns
778,ns
697,ns
779,ns
834,ns
754,ns
793,ns
842,ns
824,ns
712,ns
818,ns
792,ns
731,ns
721,ns
745,ns
831,ns
678,ns
840,ns
775,ns
794,ns
861,ns
752,ns
701,ns
825,ns
680,ns
854,ns
799,ns
791,ns
701,ns
813,ns
815,ns
721,ns
671,ns
758,ns
741,ns
753,ns
761,ns
829,ns
807,ns
740,ns
732,ns
800,ns
729,ns
851,ns
692,ns
679,ns
811,ns
761,ns
746,ns
684,ns
729,ns
757,ns
730,ns
847,ns
716,ns
685,ns
729,ns
858,ns
821,ns
756,ns
695,ns
763,ns
832,ns
710,ns
823,ns
867,ns
789,ns
710,ns
804,ns
722,ns
746,ns
685,ns
778,ns
823,ns
765,ns
871,ns
798,ns
763,ns
716,ns
726,ns
796,ns
698,ns
768,ns
846,ns
677,ns
732,ns
680,ns
841,ns
821,ns
787,ns
837,ns
832,ns
778,ns
800,ns
855,ns
755,ns
815,ns
804,ns
847,ns
711,ns
795,ns
724,ns
770,ns
798,ns
773,ns
721,ns
822,ns
691,ns
713,ns
870,ns
863,ns
724,ns
720,ns
805,ns
678,ns
689,ns
716,ns
772,ns
745,ns
704,ns
828,ns
686,ns
688,ns
761,ns
766,ns
761,ns
752,ns
826,ns
809,ns
859,ns
781,ns
869,ns
802,ns
746,ns
687,ns
753,ns
733,ns
843,ns
684,ns
733,ns
718,ns
751,ns
734,ns
805,ns
703,ns
705,ns
761,ns
817,ns
726,ns
773,ns
853,ns
697,ns
823,ns
790,ns
699,ns
776,ns
828,ns
784,ns
820,ns
691,ns
807,ns
756,ns
705,ns
835,ns
754,ns
806,ns
863,ns
832,ns
806,ns
816,ns
743,ns
687,ns
801,ns
699,ns
